Customer Name,Phone,Email,Purchase Date,Amount,Service,Sales Rep
Ben Malka (Bialik Design House),058-9166461,office@bialikdesignhouse.co.il,01/04/2025,2370,Monthly Office Contract,Yossi Amar
Amit Vaknin,053-6177934,amit.vaknin@outlook.com,12/04/2025,250,Standard Home Clean,Noa Peretz
Uri Hadad,050-9660366,uri.hadad@gmail.com,16/04/2025,440,Carpet & Upholstery,Shira Malka
Orit Halevi,050-9670952,orit.halevi@hotmail.com,16/04/2025,470,Carpet & Upholstery,Noa Peretz
Efrat Weiss,058-3712535,eweiss@gmail.com,16/04/2025,680,Deep Clean,Avi Dahan
Omer Dahan,054-2631105,omer.dahan@outlook.com,19/04/2025,1810,Post-Renovation Clean,Noa Peretz
Asaf Golan,050-5443762,asaf.golan@hotmail.com,24/04/2025,290,Standard Home Clean,Yossi Amar
Amit Elbaz,053-6248970,amite@hotmail.com,24/04/2025,640,Deep Clean,Shira Malka
Ido Halevi,053-5605743,ido.halevi@outlook.com,25/04/2025,270,Standard Home Clean,Noa Peretz
Matan Barak,054-1882084,matan69@yahoo.com,27/04/2025,290,Standard Home Clean,Noa Peretz
Gal Barak,053-5071857,gal17@gmail.com,27/04/2025,370,Kitchen Deep Clean,Avi Dahan
Rachel Biton,,rachel21@walla.co.il,28/04/2025,300,Standard Home Clean,Shira Malka
Emily Ben-David,058-9354691,emilyb@gmail.com,28/04/2025,430,Kitchen Deep Clean,Yossi Amar
Ben Malka (Bialik Design House),058-9166461,office@bialikdesignhouse.co.il,01/05/2025,2460,Monthly Office Contract,Shira Malka
Neta Weiss,053-1029958,neta30@yahoo.com,02/05/2025,540,Carpet & Upholstery,Shira Malka
Ido Segal,053-2331637,isegal@yahoo.com,02/05/2025,1710,Post-Renovation Clean,Shira Malka
David Bar (Ramat Gan Physio),052-1173038,office@ramatganphysio.co.il,03/05/2025,2380,Monthly Office Contract,Noa Peretz
Sophie Barak,053-1533759,sophie.barak@hotmail.com,04/05/2025,710,Deep Clean,Noa Peretz
Liat Biton,,,05/05/2025,380,Kitchen Deep Clean,Yossi Amar
Hila Raz,058-8882631,hilar@walla.co.il,06/05/2025,290,Standard Home Clean,Yossi Amar
Ariel Halevi,058-2339225,,08/05/2025,1700,Post-Renovation Clean,Noa Peretz
Rachel Biton,,rachel21@walla.co.il,09/05/2025,280,Standard Home Clean,Yossi Amar
Ran Dahan,052-8369374,ran.dahan@gmail.com,09/05/2025,620,Deep Clean,Avi Dahan
Yael Avraham,052-2403697,yael.avraham@hotmail.com,12/05/2025,610,Deep Clean,Noa Peretz
Amit Vaknin,053-6177934,amit.vaknin@outlook.com,13/05/2025,320,Standard Home Clean,Yossi Amar
Noa Ben-David,050-3251373,noa.bendavid@outlook.com,13/05/2025,460,Carpet & Upholstery,Avi Dahan
Jacob Elbaz,058-6110793,jacob72@walla.co.il,13/05/2025,1360,Move-in / Move-out Clean,Noa Peretz
Neta Shapiro,052-7419198,netas@gmail.com,14/05/2025,420,Carpet & Upholstery,Noa Peretz
Michal Biton,,michal.biton@gmail.com,15/05/2025,430,Kitchen Deep Clean,Shira Malka
Hannah Stern,054-8170039,hannah.stern@outlook.com,16/05/2025,250,Standard Home Clean,Avi Dahan
Hannah Stern,054-8170039,hannah.stern@outlook.com,16/05/2025,640,Deep Clean,Noa Peretz
Orit Bar,050-8033191,orit45@gmail.com,16/05/2025,530,Carpet & Upholstery,Noa Peretz
Avi Amar,058-3976064,avi.amar@gmail.com,17/05/2025,640,Deep Clean,Yossi Amar
Rachel Biton,,rachel21@walla.co.il,19/05/2025,300,Standard Home Clean,Shira Malka
Rachel Biton,,rachel21@walla.co.il,19/05/2025,180,Fridge & Oven Add-on,Avi Dahan
Avi Stern,058-1799193,avi.stern@gmail.com,19/05/2025,270,Standard Home Clean,Yossi Amar
Shira Levi,058-5938134,shira.levi@walla.co.il,20/05/2025,350,Airbnb Turnover,Avi Dahan
Tamar Oz,052-1194705,tamar50@gmail.com,21/05/2025,320,Airbnb Turnover,Yossi Amar
Ben Malka (Bialik Design House),058-9166461,office@bialikdesignhouse.co.il,21/05/2025,980,Office Cleaning,Avi Dahan
Neta Bar,054-7212497,netab@hotmail.com,22/05/2025,490,Carpet & Upholstery,Avi Dahan
Sophie Katz,050-2754962,sophie.katz@walla.co.il,22/05/2025,1340,Move-in / Move-out Clean,Yossi Amar
Sophie Katz,050-2754962,sophie.katz@walla.co.il,22/05/2025,1340,Move-in / Move-out Clean,Yossi Amar
Dana Azoulay,058-7253082,dana80@gmail.com,23/05/2025,320,Standard Home Clean,Noa Peretz
Asaf Katz,052-5940119,asaf28@gmail.com,23/05/2025,630,Deep Clean,Avi Dahan
Moran Barak,050-6270744,moran45@yahoo.com,24/05/2025,420,Carpet & Upholstery,Avi Dahan
Adi Elbaz,050-4795998,,25/05/2025,290,Standard Home Clean,Yossi Amar
Shira Levi,058-5938134,shira.levi@walla.co.il,26/05/2025,320,Airbnb Turnover,Yossi Amar
Eitan Malka,,eitan.malka@gmail.com,27/05/2025,270,Standard Home Clean,Noa Peretz
Eitan Malka,,eitan.malka@gmail.com,27/05/2025,170,Fridge & Oven Add-on,Shira Malka
Yossi Biton,058-6961890,ybiton@outlook.com,28/05/2025,320,Airbnb Turnover,Yossi Amar
Lior Ohana,058-7466827,lior.ohana@gmail.com,29/05/2025,280,Standard Home Clean,Noa Peretz
Lior Ohana,058-7466827,lior.ohana@gmail.com,29/05/2025,340,Window Cleaning,Yossi Amar
Alon Klein,052-1581887,aklein@walla.co.il,29/05/2025,290,Standard Home Clean,Yossi Amar
Ido Halevi,053-5605743,ido.halevi@outlook.com,30/05/2025,320,Standard Home Clean,Yossi Amar
Maya Barak,,maya.barak@hotmail.com,30/05/2025,520,Kitchen Deep Clean,Noa Peretz
Lior Biton,058-6261285,lior.biton@gmail.com,30/05/2025,1860,Post-Renovation Clean,Avi Dahan
Sarah Carmi,053-4738294,sarahc@gmail.com,30/05/2025,1780,Post-Renovation Clean,Yossi Amar
Rachel Biton,,rachel21@walla.co.il,31/05/2025,280,Standard Home Clean,Shira Malka
Ben Malka (Bialik Design House),058-9166461,office@bialikdesignhouse.co.il,01/06/2025,2340,Monthly Office Contract,Noa Peretz
Maya Segal,050-6583224,maya.segal@gmail.com,02/06/2025,310,Standard Home Clean,Avi Dahan
Maya Segal,050-6583224,maya.segal@gmail.com,02/06/2025,430,Kitchen Deep Clean,Avi Dahan
David Bar (Ramat Gan Physio),052-1173038,office@ramatganphysio.co.il,03/06/2025,2070,Monthly Office Contract,Shira Malka
Chen Cohen,054-4364500,chenc@outlook.com,04/06/2025,270,Standard Home Clean,Yossi Amar
Shira Levi,058-5938134,shira.levi@walla.co.il,05/06/2025,330,Airbnb Turnover,Yossi Amar
Chen Mizrahi,054-3862851,cmizrahi@yahoo.com,05/06/2025,730,Deep Clean,Yossi Amar
Sivan Ashkenazi,052-5359673,sivan.ashkenazi@gmail.com,05/06/2025,520,Carpet & Upholstery,Avi Dahan
Michal Mizrahi,058-8326059,michalm@outlook.com,05/06/2025,1420,Move-in / Move-out Clean,Avi Dahan
Efrat Tal,058-5620119,efrat.tal@walla.co.il,06/06/2025,380,Window Cleaning,Shira Malka
Adi Elbaz,050-4795998,,07/06/2025,320,Standard Home Clean,Yossi Amar
Shai Shapiro,052-9027829,shai.shapiro@gmail.com,08/06/2025,410,Kitchen Deep Clean,Yossi Amar
Lior Ohana,058-7466827,lior.ohana@gmail.com,09/06/2025,270,Standard Home Clean,Noa Peretz
Matan Rosen,052-1298184,matan55@gmail.com,09/06/2025,490,Carpet & Upholstery,Shira Malka
Yonatan Hadad,052-9562975,yhadad@gmail.com,11/06/2025,520,Deep Clean,Yossi Amar
Eitan Malka,,eitan.malka@gmail.com,12/06/2025,310,Standard Home Clean,Shira Malka
Eitan Malka,,eitan.malka@gmail.com,12/06/2025,250,Balcony & Terrace,Noa Peretz
Amit Vaknin,053-6177934,amit.vaknin@outlook.com,12/06/2025,250,Standard Home Clean,Yossi Amar
Inbar Levi,054-2791042,ilevi@gmail.com,12/06/2025,250,Standard Home Clean,Shira Malka
Hannah Stern,054-8170039,hannah.stern@outlook.com,14/06/2025,280,Standard Home Clean,Avi Dahan
Rachel Biton,,rachel21@walla.co.il,15/06/2025,290,Standard Home Clean,Noa Peretz
Adi Elbaz,050-4795998,,17/06/2025,290,Standard Home Clean,Yossi Amar
Hila Ohana,050-7929714,hila.ohana@gmail.com,17/06/2025,1920,Post-Renovation Clean,Noa Peretz
Lior Ohana,058-7466827,lior.ohana@gmail.com,18/06/2025,250,Standard Home Clean,Yossi Amar
Lior Ohana,058-7466827,lior.ohana@gmail.com,18/06/2025,270,Balcony & Terrace,Avi Dahan
Eitan Bar,058-3632523,ebar@walla.co.il,18/06/2025,240,Standard Home Clean,Yossi Amar
Yossi Biton,058-6961890,ybiton@outlook.com,19/06/2025,360,Airbnb Turnover,Shira Malka
Guy Sharabi,052-5492646,,19/06/2025,710,Deep Clean,Shira Malka
Asaf Golan,050-5443762,asaf.golan@hotmail.com,19/06/2025,350,Window Cleaning,Noa Peretz
Chen Cohen,054-4364500,chenc@outlook.com,20/06/2025,290,Standard Home Clean,Avi Dahan
Liat Biton,,,20/06/2025,600,Deep Clean,Shira Malka
Asaf Bar,053-4554079,asafb@gmail.com,21/06/2025,690,Deep Clean,Avi Dahan
Avi Biton,053-3014914,avi.biton@gmail.com,21/06/2025,1190,Move-in / Move-out Clean,Shira Malka
Dana Azoulay,058-7253082,dana80@gmail.com,23/06/2025,270,Standard Home Clean,Avi Dahan
Shira Levi,058-5938134,shira.levi@walla.co.il,23/06/2025,320,Airbnb Turnover,Avi Dahan
Eitan Malka,,eitan.malka@gmail.com,24/06/2025,300,Standard Home Clean,Yossi Amar
Guy Goldberg,,guy.goldberg@gmail.com,24/06/2025,260,Standard Home Clean,Shira Malka
Amit Hadad,053-7803731,ahadad@hotmail.com,24/06/2025,1140,Move-in / Move-out Clean,Shira Malka
Michal Tal,053-3938344,,24/06/2025,1650,Post-Renovation Clean,Noa Peretz
Sophie Malka,050-1100967,,25/06/2025,370,Airbnb Turnover,Yossi Amar
Gal Oz,,goz@walla.co.il,25/06/2025,1280,Move-in / Move-out Clean,Shira Malka
Roni Ben-David,053-7602836,ronib@hotmail.com,26/06/2025,250,Standard Home Clean,Yossi Amar
Lior Carmi,050-4122142,liorc@walla.co.il,26/06/2025,680,Deep Clean,Avi Dahan
Yossi Biton,058-6961890,ybiton@outlook.com,27/06/2025,340,Airbnb Turnover,Noa Peretz
Tamar Oz,052-1194705,tamar50@gmail.com,27/06/2025,330,Airbnb Turnover,Noa Peretz
Yonatan Segal,058-8987766,yonatan55@hotmail.com,28/06/2025,690,Deep Clean,Yossi Amar
Rachel Biton,,rachel21@walla.co.il,29/06/2025,270,Standard Home Clean,Noa Peretz
Efrat Weiss,058-3712535,eweiss@gmail.com,29/06/2025,430,Kitchen Deep Clean,Shira Malka
Lior Ohana,058-7466827,lior.ohana@gmail.com,30/06/2025,280,Standard Home Clean,Yossi Amar
Adi Elbaz,050-4795998,,30/06/2025,290,Standard Home Clean,Noa Peretz
Adi Elbaz,050-4795998,,30/06/2025,310,Window Cleaning,Noa Peretz
Ben Malka (Bialik Design House),058-9166461,office@bialikdesignhouse.co.il,01/07/2025,2440,Monthly Office Contract,Noa Peretz
Adi Malka,054-3343355,amalka@gmail.com,01/07/2025,1190,Move-in / Move-out Clean,Yossi Amar
Avi Rosen,058-1339242,avi.rosen@yahoo.com,02/07/2025,400,Carpet & Upholstery,Noa Peretz
Roni Nachum,058-8018473,rnachum@hotmail.com,03/07/2025,320,Standard Home Clean,Yossi Amar
David Bar (Ramat Gan Physio),052-1173038,office@ramatganphysio.co.il,03/07/2025,2610,Monthly Office Contract,Noa Peretz
Roni Shapiro,052-8958412,roni.shapiro@gmail.com,03/07/2025,730,Deep Clean,Avi Dahan
Eitan Vaknin,050-2935892,evaknin@gmail.com,04/07/2025,270,Standard Home Clean,Yossi Amar
Ido Halevi,053-5605743,ido.halevi@outlook.com,04/07/2025,270,Standard Home Clean,Yossi Amar
Inbar Segal,058-9045118,,04/07/2025,1200,Move-in / Move-out Clean,Noa Peretz
Ido Tal,058-2334491,ido99@walla.co.il,04/07/2025,670,Deep Clean,Noa Peretz
Maya Segal,050-6583224,maya.segal@gmail.com,05/07/2025,260,Standard Home Clean,Yossi Amar
,050-1100967,,05/07/2025,320,Airbnb Turnover,Yossi Amar
Matan Tal,053-8837886,matant@yahoo.com,05/07/2025,630,Deep Clean,Yossi Amar
Yarden Ohana,052-3352714,yarden.ohana@walla.co.il,05/07/2025,610,Deep Clean,Shira Malka
Chen Cohen,054-4364500,chenc@outlook.com,06/07/2025,270,Standard Home Clean,Noa Peretz
Oren Cohen,050-6515915,oren.cohen@outlook.com,07/07/2025,260,Standard Home Clean,Noa Peretz
Shira Levi,058-5938134,shira.levi@walla.co.il,07/07/2025,300,Airbnb Turnover,Yossi Amar
Eitan Malka,,eitan.malka@gmail.com,08/07/2025,240,Standard Home Clean,Noa Peretz
Yossi Biton,058-6961890,ybiton@outlook.com,08/07/2025,290,Airbnb Turnover,Yossi Amar
Itai Tal,052-6884721,itait@outlook.com,10/07/2025,470,Carpet & Upholstery,Shira Malka
Uri Amar,054-3504940,uamar@outlook.com,10/07/2025,1160,Move-in / Move-out Clean,Shira Malka
Yael Cohen,053-4497048,yael14@walla.co.il,10/07/2025,1780,Post-Renovation Clean,Yossi Amar
Adi Elbaz,050-4795998,,12/07/2025,260,Standard Home Clean,Noa Peretz
Amit Vaknin,053-6177934,amit.vaknin@outlook.com,12/07/2025,300,Standard Home Clean,Shira Malka
Sophie Malka,050-1100967,,12/07/2025,350,Airbnb Turnover,Shira Malka
Itai Klein,,,12/07/2025,320,Airbnb Turnover,Shira Malka
Rachel Biton,,rachel21@walla.co.il,13/07/2025,310,Standard Home Clean,Avi Dahan
Liat Oz,052-8343290,liat.oz@yahoo.com,13/07/2025,660,Deep Clean,Yossi Amar
Yael Cohen,053-4497048,yael14@walla.co.il,10/07/2025,1780,Post-Renovation Clean,Yossi Amar
Hannah Stern,054-8170039,hannah.stern@outlook.com,14/07/2025,320,Standard Home Clean,Avi Dahan
Hannah Stern,054-8170039,hannah.stern@outlook.com,14/07/2025,340,Window Cleaning,Noa Peretz
Shira Levi,058-5938134,shira.levi@walla.co.il,14/07/2025,340,Airbnb Turnover,Yossi Amar
Guy Carmi,058-7435997,guy85@gmail.com,14/07/2025,250,Standard Home Clean,Avi Dahan
Alon Klein,052-1581887,aklein@walla.co.il,14/07/2025,330,Standard Home Clean,Noa Peretz
Lior Ziv,054-9586662,liorz@gmail.com,14/07/2025,450,Carpet & Upholstery,Avi Dahan
Yael Ohana,052-7087349,yael56@gmail.com,15/07/2025,1300,Move-in / Move-out Clean,Noa Peretz
Eitan Bar,058-3632523,ebar@walla.co.il,16/07/2025,260,Standard Home Clean,Avi Dahan
Yossi Raz,054-5453983,yossir@outlook.com,16/07/2025,250,Standard Home Clean,Shira Malka
David Bar (Ramat Gan Physio),052-1173038,office@ramatganphysio.co.il,16/07/2025,810,Office Cleaning,Shira Malka
Yael Avraham,052-2403697,yael.avraham@hotmail.com,16/07/2025,280,Standard Home Clean,Shira Malka
Sarah Ben-David,058-5114984,,16/07/2025,710,Deep Clean,Shira Malka
Inbar Levi,054-2791042,ilevi@gmail.com,18/07/2025,320,Standard Home Clean,Yossi Amar
Itai Klein,,,18/07/2025,320,Airbnb Turnover,Avi Dahan
Inbar Golan,053-3974970,,18/07/2025,350,Window Cleaning,Noa Peretz
Chen Cohen,054-4364500,chenc@outlook.com,19/07/2025,250,Standard Home Clean,Noa Peretz
Yossi Biton,058-6961890,ybiton@outlook.com,19/07/2025,280,Airbnb Turnover,Shira Malka
Yarden Rosen,058-5962390,yarden.rosen@gmail.com,19/07/2025,480,Carpet & Upholstery,Shira Malka
Daniel Sasson,053-7967699,daniel.sasson@yahoo.com,19/07/2025,350,Window Cleaning,Noa Peretz
Tamar Oz,052-1194705,tamar50@gmail.com,20/07/2025,310,Airbnb Turnover,Noa Peretz
Orit Amar,053-9944412,,20/07/2025,360,Window Cleaning,Noa Peretz
Uri Klein,058-5574178,uklein@gmail.com,20/07/2025,1230,Move-in / Move-out Clean,Avi Dahan
Eitan Malka,,eitan.malka@gmail.com,21/07/2025,240,Standard Home Clean,Noa Peretz
Eitan Malka,,eitan.malka@gmail.com,21/07/2025,200,Fridge & Oven Add-on,Avi Dahan
Tamar Sasson,054-6497283,tamar.sasson@hotmail.com,21/07/2025,290,Window Cleaning,Avi Dahan
Matan Friedman,050-4023141,matan.friedman@gmail.com,21/07/2025,360,Window Cleaning,Noa Peretz
Emily Ashkenazi,050-1323124,emily.ashkenazi@gmail.com,21/07/2025,480,Carpet & Upholstery,Yossi Amar
Lior Ohana,058-7466827,lior.ohana@gmail.com,22/07/2025,270,Standard Home Clean,Yossi Amar
Ran Klein,058-9969130,ran91@yahoo.com,22/07/2025,330,Airbnb Turnover,Yossi Amar
Oren Stern,058-1826072,oren.stern@hotmail.com,23/07/2025,260,Standard Home Clean,Avi Dahan
Yarden Gabay,,yarden.gabay@yahoo.com,23/07/2025,270,Standard Home Clean,Avi Dahan
Dana Azoulay,058-7253082,dana80@gmail.com,23/07/2025,280,Standard Home Clean,Shira Malka
Rachel Biton,,rachel21@walla.co.il,24/07/2025,290,Standard Home Clean,Yossi Amar
Adi Elbaz,050-4795998,,24/07/2025,280,Standard Home Clean,Noa Peretz
David Cohen,053-9226312,dcohen@gmail.com,25/07/2025,310,Standard Home Clean,Avi Dahan
Yossi Biton,058-6961890,ybiton@outlook.com,25/07/2025,350,Airbnb Turnover,Avi Dahan
Shira Levi,058-5938134,shira.levi@walla.co.il,25/07/2025,340,Airbnb Turnover,Avi Dahan
Elad Levi,052-7431990,elad49@gmail.com,25/07/2025,400,Window Cleaning,Shira Malka
Merav Peretz,054-8724228,mperetz@outlook.com,25/07/2025,500,Carpet & Upholstery,Avi Dahan
Guy Goldberg,,guy.goldberg@gmail.com,27/07/2025,270,Standard Home Clean,Shira Malka
Chen Mizrahi,054-3862851,cmizrahi@yahoo.com,27/07/2025,460,Carpet & Upholstery,Shira Malka
Daniel Levi,052-5981548,,27/07/2025,1290,Move-in / Move-out Clean,Avi Dahan
Maya Gabay,052-1960961,maya.gabay@walla.co.il,28/07/2025,280,Standard Home Clean,Noa Peretz
Olivia Goldberg,052-5143029,olivia.goldberg@gmail.com,28/07/2025,260,Standard Home Clean,Avi Dahan
Sophie Malka,050-1100967,,28/07/2025,340,Airbnb Turnover,Shira Malka
David Golan,052-2788844,david.golan@hotmail.com,28/07/2025,430,Kitchen Deep Clean,Shira Malka
Roni Goldberg,050-6118032,rgoldberg@hotmail.com,28/07/2025,650,Deep Clean,Avi Dahan
Orit Ohana,054-7060988,,28/07/2025,1190,Move-in / Move-out Clean,Noa Peretz
Dana Bar,052-3189782,danab@outlook.com,29/07/2025,320,Airbnb Turnover,Yossi Amar
Ayelet Gabay,052-3355009,ayeletg@gmail.com,29/07/2025,430,Carpet & Upholstery,Shira Malka
Gal Ohana,,galo@gmail.com,29/07/2025,1760,Post-Renovation Clean,Noa Peretz
Lior Ohana,058-7466827,lior.ohana@gmail.com,30/07/2025,250,Standard Home Clean,Noa Peretz
Itai Klein,,,30/07/2025,300,Airbnb Turnover,Yossi Amar
Roni Ben-David,053-7602836,ronib@hotmail.com,31/07/2025,330,Standard Home Clean,Noa Peretz
Yossi Biton,058-6961890,ybiton@outlook.com,31/07/2025,290,Airbnb Turnover,Avi Dahan
Jacob Raz,050-9343689,jacobr@gmail.com,01/08/2025,290,Standard Home Clean,Noa Peretz
Daniel Katz (Yafo Yoga Loft),050-8600351,office@yafoyogaloft.co.il,01/08/2025,2460,Monthly Office Contract,Noa Peretz
Ben Malka (Bialik Design House),058-9166461,office@bialikdesignhouse.co.il,01/08/2025,2330,Monthly Office Contract,Noa Peretz
Rachel Golan,052-2139352,rgolan@gmail.com,01/08/2025,440,Carpet & Upholstery,Noa Peretz
Hila Raz,058-8882631,hilar@walla.co.il,01/08/2025,490,Carpet & Upholstery,Avi Dahan
Matan Ben-David,052-3105666,mbendavid@gmail.com,01/08/2025,220,Standard Home Clean,Avi Dahan
Noa Ziv,050-7561712,nziv@hotmail.com,02/08/2025,300,Standard Home Clean,Avi Dahan
Neta Cohen,053-9207501,neta26@yahoo.com,02/08/2025,260,Airbnb Turnover,Shira Malka
Sarah Vaknin,050-9366889,sarah29@outlook.com,02/08/2025,400,Kitchen Deep Clean,Shira Malka
David Bar (Ramat Gan Physio),052-1173038,office@ramatganphysio.co.il,03/08/2025,2130,Monthly Office Contract,Shira Malka
Matan Navon,053-1190736,matan.navon@outlook.com,03/08/2025,600,Deep Clean,Noa Peretz
Sophie Stern,050-7062972,sstern@gmail.com,03/08/2025,440,Kitchen Deep Clean,Noa Peretz
Chen Cohen,054-4364500,chenc@outlook.com,04/08/2025,290,Standard Home Clean,Avi Dahan
Eitan Malka,,eitan.malka@gmail.com,04/08/2025,250,Standard Home Clean,Shira Malka
Roni Nachum,058-8018473,rnachum@hotmail.com,04/08/2025,320,Standard Home Clean,Noa Peretz
Ido Halevi,053-5605743,ido.halevi@outlook.com,04/08/2025,270,Standard Home Clean,Avi Dahan
Inbar Katz,054-9569998,inbar.katz@gmail.com,04/08/2025,260,Standard Home Clean,Yossi Amar
Jacob Gabay,053-9805514,jacobg@outlook.com,04/08/2025,520,Carpet & Upholstery,Avi Dahan
Asaf Sharabi,050-8164129,asharabi@walla.co.il,04/08/2025,1160,Move-in / Move-out Clean,Avi Dahan
Oren Cohen,050-6515915,oren.cohen@outlook.com,05/08/2025,280,Standard Home Clean,Noa Peretz
Alon Carmi,053-4030203,alon.carmi@gmail.com,05/08/2025,270,Standard Home Clean,Avi Dahan
Rachel Biton,,rachel21@walla.co.il,06/08/2025,260,Standard Home Clean,Shira Malka
Maya Segal,050-6583224,maya.segal@gmail.com,06/08/2025,290,Standard Home Clean,Noa Peretz
Dana Bar,052-3189782,danab@outlook.com,06/08/2025,340,Airbnb Turnover,Shira Malka
Liat Amar,058-8829296,liat.amar@walla.co.il,06/08/2025,380,Kitchen Deep Clean,Avi Dahan
Oren Stern,058-1826072,oren.stern@hotmail.com,07/08/2025,300,Standard Home Clean,Avi Dahan
Oren Stern,058-1826072,oren.stern@hotmail.com,07/08/2025,320,Window Cleaning,Noa Peretz
Adi Elbaz,050-4795998,,07/08/2025,240,Standard Home Clean,Yossi Amar
Adi Elbaz,050-4795998,,07/08/2025,180,Fridge & Oven Add-on,Yossi Amar
Uri Katz,050-8662113,uri.katz@gmail.com,08/08/2025,650,Deep Clean,Noa Peretz
Lior Ohana,058-7466827,lior.ohana@gmail.com,09/08/2025,250,Standard Home Clean,Yossi Amar
David Cohen,053-9226312,dcohen@gmail.com,09/08/2025,290,Standard Home Clean,Shira Malka
Eitan Vaknin,050-2935892,evaknin@gmail.com,09/08/2025,270,Standard Home Clean,Yossi Amar
Neta Sasson,054-7140209,neta59@outlook.com,09/08/2025,300,Standard Home Clean,Avi Dahan
Ran Klein,058-9969130,ran91@yahoo.com,09/08/2025,330,Airbnb Turnover,Yossi Amar
Yossi Biton,058-6961890,ybiton@outlook.com,09/08/2025,320,Airbnb Turnover,Noa Peretz
Sophie Barak,053-1533759,sophie.barak@hotmail.com,09/08/2025,470,Carpet & Upholstery,Avi Dahan
Shai Stern,054-9041032,shai.stern@gmail.com,09/08/2025,430,Kitchen Deep Clean,Shira Malka
Ayelet Carmi,050-3593109,acarmi@hotmail.com,09/08/2025,1240,Move-in / Move-out Clean,Yossi Amar
Ido Dahan,,ido.dahan@gmail.com,09/08/2025,720,Deep Clean,Yossi Amar
Sophie Malka,050-1100967,,10/08/2025,380,Airbnb Turnover,Yossi Amar
Adi Elbaz,050-4795998,,07/08/2025,240,Standard Home Clean,Yossi Amar
Itai Klein,,,10/08/2025,330,Airbnb Turnover,Noa Peretz
Neta Bar,054-7212497,netab@hotmail.com,10/08/2025,450,Carpet & Upholstery,Shira Malka
Sophie Weiss,050-4744601,sophie59@walla.co.il,11/08/2025,320,Kitchen Deep Clean,Noa Peretz
Orit Halevi,050-9670952,orit.halevi@hotmail.com,11/08/2025,700,Deep Clean,Yossi Amar
Nathan Peretz,053-6450121,nathan.peretz@gmail.com,11/08/2025,1230,Move-in / Move-out Clean,Shira Malka
Oren Oz,,,11/08/2025,1210,Move-in / Move-out Clean,Shira Malka
Adi Ashkenazi,054-4514360,adia@gmail.com,12/08/2025,390,Kitchen Deep Clean,Yossi Amar
Hannah Stern,054-8170039,hannah.stern@outlook.com,13/08/2025,290,Standard Home Clean,Shira Malka
Amit Vaknin,053-6177934,amit.vaknin@outlook.com,13/08/2025,280,Standard Home Clean,Avi Dahan
Merav Klein,053-8008888,merav.klein@walla.co.il,13/08/2025,1690,Post-Renovation Clean,Avi Dahan
Maya Gabay,052-1960961,maya.gabay@walla.co.il,14/08/2025,320,Standard Home Clean,Shira Malka
Neta Shapiro,052-7419198,netas@gmail.com,14/08/2025,750,Deep Clean,Noa Peretz
Neta Cohen,053-9207501,neta26@yahoo.com,15/08/2025,310,Airbnb Turnover,Shira Malka
Orit Bar,050-8033191,orit45@gmail.com,15/08/2025,300,Window Cleaning,Avi Dahan
Rachel Biton,,rachel21@walla.co.il,16/08/2025,280,Standard Home Clean,Avi Dahan
Rachel Biton,,rachel21@walla.co.il,16/08/2025,160,Fridge & Oven Add-on,Noa Peretz
Yossi Raz,054-5453983,yossir@outlook.com,16/08/2025,330,Standard Home Clean,Noa Peretz
Shira Levi,058-5938134,shira.levi@walla.co.il,16/08/2025,340,Airbnb Turnover,Noa Peretz
Keren Goldberg,054-4944862,kgoldberg@yahoo.com,17/08/2025,270,Standard Home Clean,Avi Dahan
Keren Goldberg,054-4944862,kgoldberg@yahoo.com,17/08/2025,350,Window Cleaning,Yossi Amar
Tamar Ashkenazi,053-9927272,tamara@yahoo.com,17/08/2025,600,Deep Clean,Noa Peretz
Eitan Bar,058-3632523,ebar@walla.co.il,18/08/2025,290,Standard Home Clean,Shira Malka
Eitan Malka,,eitan.malka@gmail.com,19/08/2025,270,Standard Home Clean,Shira Malka
Adi Elbaz,050-4795998,,19/08/2025,300,Standard Home Clean,Noa Peretz
Dana Azoulay,058-7253082,dana80@gmail.com,19/08/2025,320,Standard Home Clean,Noa Peretz
Ran Peretz,053-1066562,ran.peretz@yahoo.com,19/08/2025,670,Deep Clean,Noa Peretz
David Cohen,053-9226312,dcohen@gmail.com,20/08/2025,260,Standard Home Clean,Yossi Amar
Sophie Malka,050-1100967,,20/08/2025,290,Airbnb Turnover,Shira Malka
Orit Friedman,054-9926929,orit21@outlook.com,20/08/2025,2000,Post-Renovation Clean,Noa Peretz
Chen Cohen,054-4364500,chenc@outlook.com,21/08/2025,300,Standard Home Clean,Noa Peretz
Chen Cohen,054-4364500,chenc@outlook.com,21/08/2025,160,Fridge & Oven Add-on,Avi Dahan
Lior Ohana,058-7466827,lior.ohana@gmail.com,21/08/2025,290,Standard Home Clean,Yossi Amar
Inbar Levi,054-2791042,ilevi@gmail.com,22/08/2025,260,Standard Home Clean,Yossi Amar
David Bar (Ramat Gan Physio),052-1173038,office@ramatganphysio.co.il,22/08/2025,990,Office Cleaning,Noa Peretz
Yarden Gabay,,yarden.gabay@yahoo.com,23/08/2025,270,Standard Home Clean,Shira Malka
Yarden Gabay,,yarden.gabay@yahoo.com,23/08/2025,600,Deep Clean,Noa Peretz
Ran Klein,058-9969130,ran91@yahoo.com,23/08/2025,290,Airbnb Turnover,Shira Malka
Yossi Biton,058-6961890,ybiton@outlook.com,23/08/2025,320,Airbnb Turnover,Yossi Amar
Noa Ziv,050-7561712,nziv@hotmail.com,24/08/2025,300,Standard Home Clean,Yossi Amar
Itai Klein,,,24/08/2025,330,Airbnb Turnover,Shira Malka
Ben Elbaz,050-1960699,ben.elbaz@yahoo.com,24/08/2025,390,Window Cleaning,Noa Peretz
Maya Malka,054-9989356,mmalka@outlook.com,24/08/2025,1790,Post-Renovation Clean,Avi Dahan
Oren Stern,058-1826072,oren.stern@hotmail.com,25/08/2025,290,Standard Home Clean,Noa Peretz
Shira Goldberg,052-5004231,shirag@yahoo.com,26/08/2025,260,Standard Home Clean,Shira Malka
Sophie Malka,050-1100967,,26/08/2025,290,Airbnb Turnover,Shira Malka
Guy Goldberg,,guy.goldberg@gmail.com,27/08/2025,260,Standard Home Clean,Avi Dahan
Avi Ohana,050-3919204,avi.ohana@gmail.com,27/08/2025,320,Window Cleaning,Yossi Amar
Shai Shapiro,052-9027829,shai.shapiro@gmail.com,27/08/2025,640,Deep Clean,Shira Malka
Yossi Hadad,058-1991785,yossi85@outlook.com,28/08/2025,270,Standard Home Clean,Avi Dahan
Hila Levi,052-7657655,,28/08/2025,1510,Post-Renovation Clean,Shira Malka
Lior Ohana,058-7466827,lior.ohana@gmail.com,29/08/2025,300,Standard Home Clean,Noa Peretz
Rachel Biton,,rachel21@walla.co.il,29/08/2025,300,Standard Home Clean,Avi Dahan
Olivia Goldberg,052-5143029,olivia.goldberg@gmail.com,29/08/2025,270,Standard Home Clean,Shira Malka
Tamar Oz,052-1194705,tamar50@gmail.com,29/08/2025,320,Airbnb Turnover,Noa Peretz
Neta Raz,050-7703783,neta.raz@hotmail.com,29/08/2025,500,Carpet & Upholstery,Noa Peretz
Yonatan Weiss,050-6927402,yonatan84@walla.co.il,30/08/2025,1820,Post-Renovation Clean,Avi Dahan
David Cohen,053-9226312,dcohen@gmail.com,31/08/2025,310,Standard Home Clean,Yossi Amar
David Cohen,053-9226312,dcohen@gmail.com,31/08/2025,180,Fridge & Oven Add-on,Shira Malka
Eitan Malka,,eitan.malka@gmail.com,31/08/2025,240,Standard Home Clean,Avi Dahan
Adi Elbaz,050-4795998,,01/09/2025,280,Standard Home Clean,Noa Peretz
Oren Cohen,050-6515915,oren.cohen@outlook.com,01/09/2025,280,Standard Home Clean,Avi Dahan
Ran Klein,058-9969130,ran91@yahoo.com,01/09/2025,330,Airbnb Turnover,Avi Dahan
Shira Levi,058-5938134,shira.levi@walla.co.il,01/09/2025,290,Airbnb Turnover,Noa Peretz
Daniel Katz (Yafo Yoga Loft),050-8600351,office@yafoyogaloft.co.il,01/09/2025,2360,Monthly Office Contract,Shira Malka
Ben Malka (Bialik Design House),058-9166461,office@bialikdesignhouse.co.il,01/09/2025,2540,Monthly Office Contract,Avi Dahan
Maya Gabay,052-1960961,maya.gabay@walla.co.il,02/09/2025,270,Standard Home Clean,Avi Dahan
Neta Cohen,053-9207501,neta26@yahoo.com,03/09/2025,300,Airbnb Turnover,Noa Peretz
David Bar (Ramat Gan Physio),052-1173038,office@ramatganphysio.co.il,03/09/2025,2490,Monthly Office Contract,Avi Dahan
Oren Klein,050-2254353,orenk@walla.co.il,03/09/2025,2000,Post-Renovation Clean,Avi Dahan
Roni Elbaz,054-8723114,roni.elbaz@outlook.com,03/09/2025,760,Deep Clean,Avi Dahan
Dana Oz,052-5323255,,04/09/2025,270,Standard Home Clean,Shira Malka
Oren Ben-David,058-8102349,oren98@walla.co.il,04/09/2025,610,Deep Clean,Yossi Amar
Emily Hadad,058-1648951,emily.hadad@gmail.com,04/09/2025,1120,Move-in / Move-out Clean,Avi Dahan
Omer Bar,054-4017969,omerb@gmail.com,04/09/2025,510,Carpet & Upholstery,Noa Peretz
Chen Cohen,054-4364500,chenc@outlook.com,05/09/2025,290,Standard Home Clean,Yossi Amar
Lior Ohana,058-7466827,lior.ohana@gmail.com,05/09/2025,240,Standard Home Clean,Noa Peretz
Rachel Vaknin,054-8466086,rachel61@hotmail.com,05/09/2025,290,Standard Home Clean,Avi Dahan
Roni Ben-David,053-7602836,ronib@hotmail.com,05/09/2025,290,Standard Home Clean,Yossi Amar
Maya Nachum,054-7422309,,05/09/2025,240,Standard Home Clean,Shira Malka
Jacob Raz,050-9343689,jacobr@gmail.com,05/09/2025,300,Standard Home Clean,Noa Peretz
Sophie Malka,050-1100967,,05/09/2025,350,Airbnb Turnover,Noa Peretz
Nathan Friedman,050-9228465,nathan.friedman@gmail.com,05/09/2025,680,Deep Clean,Yossi Amar
Ido Halevi,053-5605743,ido.halevi@outlook.com,06/09/2025,260,Standard Home Clean,Shira Malka
Yossi Biton,058-6961890,ybiton@outlook.com,06/09/2025,330,Airbnb Turnover,Noa Peretz
Maya Segal,050-6583224,maya.segal@gmail.com,07/09/2025,270,Standard Home Clean,Noa Peretz
Maya Segal,050-6583224,maya.segal@gmail.com,07/09/2025,410,Kitchen Deep Clean,Yossi Amar
Yarden Dahan,054-4430131,yarden64@outlook.com,07/09/2025,690,Deep Clean,Noa Peretz
Dana Bar,052-3189782,danab@outlook.com,08/09/2025,290,Airbnb Turnover,Avi Dahan
Yael Avraham,052-2403697,yael.avraham@hotmail.com,08/09/2025,450,Kitchen Deep Clean,Yossi Amar
Neta Weiss,053-1029958,neta30@yahoo.com,08/09/2025,640,Deep Clean,Avi Dahan
Rachel Biton,,rachel21@walla.co.il,09/09/2025,300,Standard Home Clean,Shira Malka
Roni Nachum,058-8018473,rnachum@hotmail.com,09/09/2025,280,Standard Home Clean,Yossi Amar
Roni Nachum,058-8018473,rnachum@hotmail.com,09/09/2025,650,Deep Clean,Yossi Amar
Amit Vaknin,053-6177934,amit.vaknin@outlook.com,09/09/2025,300,Standard Home Clean,Noa Peretz
Shira Levi,058-5938134,shira.levi@walla.co.il,09/09/2025,310,Airbnb Turnover,Avi Dahan
Adi Klein,053-7535389,adik@outlook.com,09/09/2025,660,Deep Clean,Avi Dahan
,058-7466827,lior.ohana@gmail.com,05/09/2025,240,Standard Home Clean,Noa Peretz
David Cohen,053-9226312,dcohen@gmail.com,10/09/2025,280,Standard Home Clean,Avi Dahan
David Cohen,053-9226312,dcohen@gmail.com,10/09/2025,360,Window Cleaning,Noa Peretz
Hannah Stern,054-8170039,hannah.stern@outlook.com,10/09/2025,240,Standard Home Clean,Shira Malka
Eitan Vaknin,050-2935892,evaknin@gmail.com,10/09/2025,320,Standard Home Clean,Avi Dahan
Neta Sasson,054-7140209,neta59@outlook.com,11/09/2025,290,Standard Home Clean,Yossi Amar
Keren Goldberg,054-4944862,kgoldberg@yahoo.com,11/09/2025,290,Standard Home Clean,Yossi Amar
Sophie Malka,050-1100967,,11/09/2025,310,Airbnb Turnover,Noa Peretz
Tamar Oz,052-1194705,tamar50@gmail.com,11/09/2025,300,Airbnb Turnover,Noa Peretz
Uri Ben-David,058-3140846,uri72@gmail.com,11/09/2025,580,Deep Clean,Noa Peretz
Asaf Weiss,052-2294542,aweiss@yahoo.com,11/09/2025,350,Standard Home Clean,Avi Dahan
Oren Stern,058-1826072,oren.stern@hotmail.com,12/09/2025,270,Standard Home Clean,Shira Malka
Orit Shapiro,058-2980861,orit.shapiro@walla.co.il,12/09/2025,380,Window Cleaning,Yossi Amar
Yossi Biton,058-6961890,ybiton@outlook.com,13/09/2025,300,Airbnb Turnover,Shira Malka
Ariel Vaknin,053-4499987,avaknin@gmail.com,13/09/2025,650,Deep Clean,Shira Malka
Omer Klein,053-9800715,,13/09/2025,520,Carpet & Upholstery,Yossi Amar
Roni Golan,052-5045424,roni55@gmail.com,13/09/2025,670,Deep Clean,Shira Malka
Inbar Rosen,054-1158071,inbar.rosen@outlook.com,14/09/2025,280,Standard Home Clean,Shira Malka
Ran Klein,058-9969130,ran91@yahoo.com,14/09/2025,290,Airbnb Turnover,Noa Peretz
Michal Biton,,michal.biton@gmail.com,14/09/2025,360,Window Cleaning,Avi Dahan
Lior Ohana,058-7466827,lior.ohana@gmail.com,15/09/2025,280,Standard Home Clean,Yossi Amar
Noa Ziv,050-7561712,nziv@hotmail.com,15/09/2025,340,Standard Home Clean,Shira Malka
Noa Ziv,050-7561712,nziv@hotmail.com,15/09/2025,260,Balcony & Terrace,Avi Dahan
Eitan Malka,,eitan.malka@gmail.com,15/09/2025,260,Standard Home Clean,Yossi Amar
Eitan Bar,058-3632523,ebar@walla.co.il,15/09/2025,260,Standard Home Clean,Avi Dahan
Dana Azoulay,058-7253082,dana80@gmail.com,15/09/2025,270,Standard Home Clean,Avi Dahan
Maya Barak,,maya.barak@hotmail.com,15/09/2025,440,Carpet & Upholstery,Noa Peretz
Merav Peretz,054-8724228,mperetz@outlook.com,15/09/2025,550,Carpet & Upholstery,Shira Malka
Amit Elbaz,053-6248970,amite@hotmail.com,15/09/2025,450,Carpet & Upholstery,Shira Malka
Sarah Rosen,053-3021968,srosen@yahoo.com,15/09/2025,1300,Move-in / Move-out Clean,Shira Malka
Oren Ziv,058-5647487,oren.ziv@outlook.com,15/09/2025,1900,Post-Renovation Clean,Avi Dahan
Adi Elbaz,050-4795998,,16/09/2025,260,Standard Home Clean,Shira Malka
Yossi Raz,054-5453983,yossir@outlook.com,16/09/2025,270,Standard Home Clean,Yossi Amar
Neta Cohen,053-9207501,neta26@yahoo.com,16/09/2025,310,Airbnb Turnover,Avi Dahan
Emily Ben-David,058-9354691,emilyb@gmail.com,17/09/2025,450,Carpet & Upholstery,Yossi Amar
Alon Levi,,,18/09/2025,260,Standard Home Clean,Shira Malka
Olivia Amar,,oamar@yahoo.com,18/09/2025,270,Standard Home Clean,Yossi Amar
Tamar Oz,052-1194705,tamar50@gmail.com,18/09/2025,300,Airbnb Turnover,Shira Malka
Efrat Tal,058-5620119,efrat.tal@walla.co.il,18/09/2025,510,Carpet & Upholstery,Shira Malka
Matan Barak,054-1882084,matan69@yahoo.com,18/09/2025,480,Carpet & Upholstery,Yossi Amar
Ido Raz,054-2271704,ido.raz@gmail.com,18/09/2025,1270,Move-in / Move-out Clean,Noa Peretz
Dana Bar,052-3189782,danab@outlook.com,19/09/2025,290,Airbnb Turnover,Shira Malka
Yonatan Segal,058-8987766,yonatan55@hotmail.com,19/09/2025,370,Window Cleaning,Avi Dahan
Matan Rosen,052-1298184,matan55@gmail.com,19/09/2025,740,Deep Clean,Yossi Amar
Shira Dahan,053-5810205,shira.dahan@gmail.com,19/09/2025,680,Deep Clean,Avi Dahan
Rachel Biton,,rachel21@walla.co.il,20/09/2025,290,Standard Home Clean,Avi Dahan
Rachel Biton,,rachel21@walla.co.il,20/09/2025,170,Fridge & Oven Add-on,Yossi Amar
Roni Barak,,rbarak@walla.co.il,20/09/2025,610,Deep Clean,Avi Dahan
Moran Levi,054-9674950,moran.levi@outlook.com,21/09/2025,290,Standard Home Clean,Shira Malka
Maya Gabay,052-1960961,maya.gabay@walla.co.il,21/09/2025,250,Standard Home Clean,Noa Peretz
Yael Amar,052-7375302,yael40@yahoo.com,21/09/2025,1900,Post-Renovation Clean,Shira Malka
Chen Cohen,054-4364500,chenc@outlook.com,22/09/2025,280,Standard Home Clean,Noa Peretz
David Cohen,053-9226312,dcohen@gmail.com,22/09/2025,250,Standard Home Clean,Noa Peretz
Uri Hadad,050-9660366,uri.hadad@gmail.com,22/09/2025,360,Window Cleaning,Yossi Amar
Guy Azoulay,053-7246674,guy.azoulay@gmail.com,22/09/2025,350,Window Cleaning,Shira Malka
Lior Ohana,058-7466827,lior.ohana@gmail.com,23/09/2025,250,Standard Home Clean,Avi Dahan
Rachel Vaknin,054-8466086,rachel61@hotmail.com,23/09/2025,230,Standard Home Clean,Noa Peretz
Neta Cohen,053-9207501,neta26@yahoo.com,23/09/2025,330,Airbnb Turnover,Yossi Amar
Shira Goldberg,052-5004231,shirag@yahoo.com,24/09/2025,300,Standard Home Clean,Noa Peretz
Yarden Gabay,,yarden.gabay@yahoo.com,24/09/2025,270,Standard Home Clean,Noa Peretz
Matan Navon,053-1190736,matan.navon@outlook.com,24/09/2025,530,Carpet & Upholstery,Yossi Amar
Tom Weiss,054-1710764,tom.weiss@gmail.com,24/09/2025,1280,Move-in / Move-out Clean,Yossi Amar
Gal Barak,053-5071857,gal17@gmail.com,25/09/2025,620,Deep Clean,Yossi Amar
Matan Ben-David,052-3105666,mbendavid@gmail.com,25/09/2025,440,Kitchen Deep Clean,Shira Malka
Omer Ashkenazi,058-7695732,omer.ashkenazi@gmail.com,25/09/2025,1360,Move-in / Move-out Clean,Avi Dahan
Olivia Goldberg,052-5143029,olivia.goldberg@gmail.com,26/09/2025,250,Standard Home Clean,Noa Peretz
Yossi Hadad,058-1991785,yossi85@outlook.com,26/09/2025,280,Standard Home Clean,Shira Malka
Inbar Levi,054-2791042,ilevi@gmail.com,26/09/2025,270,Standard Home Clean,Noa Peretz
Yossi Biton,058-6961890,ybiton@outlook.com,26/09/2025,320,Airbnb Turnover,Noa Peretz
Yarden Ohana,052-3352714,yarden.ohana@walla.co.il,26/09/2025,490,Carpet & Upholstery,Avi Dahan
Inbar Rosen,054-1158071,inbar.rosen@outlook.com,27/09/2025,310,Standard Home Clean,Shira Malka
Adi Elbaz,050-4795998,,27/09/2025,270,Standard Home Clean,Shira Malka
Lior Vaknin,058-5794561,lvaknin@hotmail.com,27/09/2025,270,Standard Home Clean,Avi Dahan
Itai Klein,,,27/09/2025,270,Airbnb Turnover,Avi Dahan
Dana Bar,052-3189782,danab@outlook.com,27/09/2025,300,Airbnb Turnover,Noa Peretz
Liat Ashkenazi,052-4112534,liata@walla.co.il,27/09/2025,500,Carpet & Upholstery,Yossi Amar
Yarden Bar,053-4324062,yarden.bar@yahoo.com,27/09/2025,310,Window Cleaning,Yossi Amar
Oren Stern,058-1826072,oren.stern@hotmail.com,28/09/2025,250,Standard Home Clean,Avi Dahan
Guy Sharabi,052-5492646,,28/09/2025,380,Window Cleaning,Noa Peretz
Shira Bar,050-2330837,shirab@gmail.com,29/09/2025,2020,Post-Renovation Clean,Noa Peretz
Oren Cohen,050-6515915,oren.cohen@outlook.com,30/09/2025,310,Standard Home Clean,Shira Malka
Guy Goldberg,,guy.goldberg@gmail.com,30/09/2025,280,Standard Home Clean,Avi Dahan
Lior Ohana,058-7466827,lior.ohana@gmail.com,01/10/2025,260,Standard Home Clean,Avi Dahan
Daniel Katz (Yafo Yoga Loft),050-8600351,office@yafoyogaloft.co.il,01/10/2025,2170,Monthly Office Contract,Avi Dahan
Ben Malka (Bialik Design House),058-9166461,office@bialikdesignhouse.co.il,01/10/2025,2370,Monthly Office Contract,Avi Dahan
Ran Ziv,050-1813522,ran.ziv@yahoo.com,01/10/2025,590,Carpet & Upholstery,Avi Dahan
Asaf Bar,053-4554079,asafb@gmail.com,01/10/2025,600,Deep Clean,Noa Peretz
Eitan Malka,,eitan.malka@gmail.com,02/10/2025,220,Standard Home Clean,Yossi Amar
Hannah Ohana,053-1799533,hannaho@gmail.com,02/10/2025,310,Standard Home Clean,Yossi Amar
Shira Levi,058-5938134,shira.levi@walla.co.il,02/10/2025,320,Airbnb Turnover,Shira Malka
Emily Carmi,054-5529933,emily.carmi@yahoo.com,02/10/2025,380,Window Cleaning,Yossi Amar
David Cohen,053-9226312,dcohen@gmail.com,03/10/2025,250,Standard Home Clean,Shira Malka
Rachel Biton,,rachel21@walla.co.il,03/10/2025,260,Standard Home Clean,Avi Dahan
Rachel Halevi,052-5449172,rachelh@yahoo.com,03/10/2025,300,Standard Home Clean,Yossi Amar
David Bar (Ramat Gan Physio),052-1173038,office@ramatganphysio.co.il,03/10/2025,2480,Monthly Office Contract,Yossi Amar
Merav Gabay (Oak Tree Kindergarten),058-8725429,office@oaktreekindergarten.co.il,03/10/2025,2570,Monthly Office Contract,Avi Dahan
Yonatan Raz,058-1102958,yonatanr@outlook.com,03/10/2025,1340,Move-in / Move-out Clean,Noa Peretz
Yarden Ohana,052-3352714,yarden.ohana@walla.co.il,26/09/2025,490,Carpet & Upholstery,Avi Dahan
Noa Ziv,050-7561712,nziv@hotmail.com,04/10/2025,280,Standard Home Clean,Yossi Amar
Roni Raz,050-3181261,ronir@outlook.com,04/10/2025,260,Standard Home Clean,Avi Dahan
Neta Cohen,053-9207501,neta26@yahoo.com,04/10/2025,330,Airbnb Turnover,Yossi Amar
Yonatan Hadad,052-9562975,yhadad@gmail.com,04/10/2025,370,Window Cleaning,Yossi Amar
Eitan Gabay,053-3547275,eitang@gmail.com,04/10/2025,1270,Move-in / Move-out Clean,Noa Peretz
Maya Nachum,054-7422309,,05/10/2025,300,Standard Home Clean,Yossi Amar
Keren Goldberg,054-4944862,kgoldberg@yahoo.com,05/10/2025,250,Standard Home Clean,Noa Peretz
Yossi Biton,058-6961890,ybiton@outlook.com,05/10/2025,300,Airbnb Turnover,Yossi Amar
Guy Halevi,054-5045837,guy.halevi@outlook.com,05/10/2025,300,Standard Home Clean,Yossi Amar
Chen Mizrahi,054-3862851,cmizrahi@yahoo.com,05/10/2025,290,Standard Home Clean,Avi Dahan
Dana Nachum,054-7222810,dnachum@yahoo.com,05/10/2025,680,Deep Clean,Yossi Amar
Gal Nachum,058-4328929,gal.nachum@gmail.com,06/10/2025,510,Carpet & Upholstery,Avi Dahan
Adi Elbaz,050-4795998,,07/10/2025,330,Standard Home Clean,Noa Peretz
Hannah Stern,054-8170039,hannah.stern@outlook.com,07/10/2025,300,Standard Home Clean,Noa Peretz
Tamar Oz,052-1194705,tamar50@gmail.com,07/10/2025,310,Airbnb Turnover,Shira Malka
Tamar Avraham,052-9533102,tamar.avraham@gmail.com,07/10/2025,680,Deep Clean,Shira Malka
Chen Cohen,054-4364500,chenc@outlook.com,08/10/2025,300,Standard Home Clean,Yossi Amar
Chen Cohen,054-4364500,chenc@outlook.com,08/10/2025,230,Balcony & Terrace,Avi Dahan
Inbar Rosen,054-1158071,inbar.rosen@outlook.com,08/10/2025,290,Standard Home Clean,Yossi Amar
Roni Ben-David,053-7602836,ronib@hotmail.com,08/10/2025,280,Standard Home Clean,Avi Dahan
Amit Vaknin,053-6177934,amit.vaknin@outlook.com,08/10/2025,240,Standard Home Clean,Noa Peretz
Keren Ziv,058-1158605,keren.ziv@yahoo.com,08/10/2025,320,Standard Home Clean,Shira Malka
Ido Halevi,053-5605743,ido.halevi@outlook.com,08/10/2025,330,Standard Home Clean,Avi Dahan
Orit Peretz,054-3338249,operetz@yahoo.com,08/10/2025,310,Window Cleaning,Noa Peretz
Yarden Rosen,058-5962390,yarden.rosen@gmail.com,08/10/2025,400,Kitchen Deep Clean,Noa Peretz
Moran Levi,054-9674950,moran.levi@outlook.com,09/10/2025,230,Standard Home Clean,Avi Dahan
Rachel Vaknin,054-8466086,rachel61@hotmail.com,09/10/2025,260,Standard Home Clean,Avi Dahan
Dana Oz,052-5323255,,09/10/2025,320,Standard Home Clean,Avi Dahan
Ran Klein,058-9969130,ran91@yahoo.com,09/10/2025,310,Airbnb Turnover,Avi Dahan
Dana Bar,052-3189782,danab@outlook.com,09/10/2025,360,Airbnb Turnover,Avi Dahan
Ben Malka (Bialik Design House),058-9166461,office@bialikdesignhouse.co.il,09/10/2025,960,Office Cleaning,Shira Malka
Avi Amar,058-3976064,avi.amar@gmail.com,09/10/2025,290,Window Cleaning,Shira Malka
Roni Nachum,058-8018473,rnachum@hotmail.com,10/10/2025,300,Standard Home Clean,Yossi Amar
Jacob Raz,050-9343689,jacobr@gmail.com,10/10/2025,280,Standard Home Clean,Yossi Amar
Neta Ziv,050-2804782,netaz@gmail.com,10/10/2025,660,Deep Clean,Avi Dahan
Lior Ohana,058-7466827,lior.ohana@gmail.com,11/10/2025,270,Standard Home Clean,Noa Peretz
Lior Ohana,058-7466827,lior.ohana@gmail.com,11/10/2025,180,Fridge & Oven Add-on,Shira Malka
Maya Gabay,052-1960961,maya.gabay@walla.co.il,11/10/2025,270,Standard Home Clean,Shira Malka
Eitan Vaknin,050-2935892,evaknin@gmail.com,11/10/2025,260,Standard Home Clean,Noa Peretz
Ethan Sharabi,053-3697809,,11/10/2025,1130,Move-in / Move-out Clean,Shira Malka
Yossi Biton,058-6961890,ybiton@outlook.com,12/10/2025,300,Airbnb Turnover,Avi Dahan
Shira Levi,058-5938134,shira.levi@walla.co.il,12/10/2025,330,Airbnb Turnover,Yossi Amar
Sophie Sharabi,052-7238224,ssharabi@walla.co.il,12/10/2025,480,Kitchen Deep Clean,Shira Malka
Alon Klein,052-1581887,aklein@walla.co.il,12/10/2025,350,Window Cleaning,Avi Dahan
Liat Amar,058-8829296,liat.amar@walla.co.il,12/10/2025,280,Standard Home Clean,Avi Dahan
Tom Golan,053-4929267,tomg@hotmail.com,12/10/2025,690,Deep Clean,Shira Malka
Neta Cohen,053-9207501,neta26@yahoo.com,13/10/2025,350,Airbnb Turnover,Avi Dahan
Gal Segal,058-1711000,gals@gmail.com,13/10/2025,350,Window Cleaning,Avi Dahan
Oren Stern,058-1826072,oren.stern@hotmail.com,14/10/2025,280,Standard Home Clean,Noa Peretz
Maya Segal,050-6583224,maya.segal@gmail.com,14/10/2025,290,Standard Home Clean,Noa Peretz
Guy Navon,053-4136244,guy53@hotmail.com,14/10/2025,640,Deep Clean,Avi Dahan
Liat Barak,053-1044921,liatb@walla.co.il,14/10/2025,700,Deep Clean,Yossi Amar
David Cohen,053-9226312,dcohen@gmail.com,15/10/2025,280,Standard Home Clean,Noa Peretz
Eitan Malka,,eitan.malka@gmail.com,15/10/2025,270,Standard Home Clean,Noa Peretz
Rachel Nachum,053-7031816,rnachum@outlook.com,15/10/2025,630,Deep Clean,Shira Malka
Yarden Oz,058-2416789,yarden.oz@gmail.com,15/10/2025,670,Deep Clean,Avi Dahan
Rachel Biton,,rachel21@walla.co.il,16/10/2025,270,Standard Home Clean,Shira Malka
Alon Levi,,,16/10/2025,290,Standard Home Clean,Noa Peretz
Alon Levi,,,16/10/2025,370,Window Cleaning,Avi Dahan
Eitan Bar,058-3632523,ebar@walla.co.il,16/10/2025,300,Standard Home Clean,Avi Dahan
Eitan Bar,058-3632523,ebar@walla.co.il,16/10/2025,180,Fridge & Oven Add-on,Shira Malka
Dana Azoulay,058-7253082,dana80@gmail.com,16/10/2025,290,Standard Home Clean,Yossi Amar
David Ohana,053-4197981,davido@yahoo.com,16/10/2025,360,Window Cleaning,Noa Peretz
Guy Ziv,050-5629729,guy28@walla.co.il,16/10/2025,1290,Move-in / Move-out Clean,Shira Malka
Neta Sasson,054-7140209,neta59@outlook.com,17/10/2025,310,Standard Home Clean,Shira Malka
Dana Bar,052-3189782,danab@outlook.com,17/10/2025,320,Airbnb Turnover,Shira Malka
Liat Biton,,,17/10/2025,530,Carpet & Upholstery,Yossi Amar
Yossi Raz,054-5453983,yossir@outlook.com,18/10/2025,310,Standard Home Clean,Yossi Amar
Noa Ben-David,050-3251373,noa.bendavid@outlook.com,18/10/2025,400,Kitchen Deep Clean,Noa Peretz
Eitan Ohana,054-8716895,eitan64@yahoo.com,19/10/2025,260,Standard Home Clean,Noa Peretz
Ayelet Gabay,052-3355009,ayeletg@gmail.com,19/10/2025,460,Carpet & Upholstery,Avi Dahan
Inbar Golan,053-3974970,,19/10/2025,330,Window Cleaning,Shira Malka
Lior Ohana,058-7466827,lior.ohana@gmail.com,20/10/2025,290,Standard Home Clean,Noa Peretz
Orit Halevi,050-9670952,orit.halevi@hotmail.com,20/10/2025,300,Standard Home Clean,Shira Malka
Inbar Rosen,054-1158071,inbar.rosen@outlook.com,21/10/2025,310,Standard Home Clean,Noa Peretz
Adi Elbaz,050-4795998,,21/10/2025,280,Standard Home Clean,Yossi Amar
Tamar Oz,052-1194705,tamar50@gmail.com,21/10/2025,360,Airbnb Turnover,Yossi Amar
Elad Levi,052-7431990,elad49@gmail.com,21/10/2025,410,Kitchen Deep Clean,Yossi Amar
Nadav Friedman,053-2231271,,21/10/2025,710,Deep Clean,Avi Dahan
Roni Bar,050-4362855,ronib@walla.co.il,22/10/2025,260,Standard Home Clean,Avi Dahan
Yossi Hadad,058-1991785,yossi85@outlook.com,22/10/2025,270,Standard Home Clean,Shira Malka
Olivia Amar,,oamar@yahoo.com,22/10/2025,270,Standard Home Clean,Avi Dahan
Olivia Amar,,oamar@yahoo.com,22/10/2025,690,Deep Clean,Yossi Amar
Ran Klein,058-9969130,ran91@yahoo.com,22/10/2025,330,Airbnb Turnover,Noa Peretz
Shira Goldberg,052-5004231,shirag@yahoo.com,23/10/2025,290,Standard Home Clean,Avi Dahan
Daniel Cohen,053-1661936,danielc@hotmail.com,23/10/2025,670,Deep Clean,Shira Malka
Chen Cohen,054-4364500,chenc@outlook.com,24/10/2025,300,Standard Home Clean,Avi Dahan
Ido Goldberg,052-5253682,igoldberg@gmail.com,24/10/2025,290,Standard Home Clean,Noa Peretz
Neta Cohen,053-9207501,neta26@yahoo.com,24/10/2025,310,Airbnb Turnover,Yossi Amar
Yarden Gabay,,yarden.gabay@yahoo.com,25/10/2025,300,Standard Home Clean,Yossi Amar
Lior Vaknin,058-5794561,lvaknin@hotmail.com,25/10/2025,300,Standard Home Clean,Shira Malka
Yossi Biton,058-6961890,ybiton@outlook.com,25/10/2025,320,Airbnb Turnover,Noa Peretz
Itai Klein,,,25/10/2025,330,Airbnb Turnover,Yossi Amar
Matan Tal,053-8837886,matant@yahoo.com,25/10/2025,260,Standard Home Clean,Yossi Amar
Noa Ziv,050-7561712,nziv@hotmail.com,26/10/2025,300,Standard Home Clean,Noa Peretz
Noa Ziv,050-7561712,nziv@hotmail.com,26/10/2025,250,Balcony & Terrace,Avi Dahan
Dana Azoulay,058-7253082,dana80@gmail.com,16/10/2025,290,Standard Home Clean,Yossi Amar
Moran Levi,054-9674950,moran.levi@outlook.com,26/10/2025,300,Standard Home Clean,Noa Peretz
Maya Gabay,052-1960961,maya.gabay@walla.co.il,26/10/2025,300,Standard Home Clean,Noa Peretz
Maya Gabay,052-1960961,maya.gabay@walla.co.il,26/10/2025,180,Fridge & Oven Add-on,Avi Dahan
Oren Cohen,050-6515915,oren.cohen@outlook.com,26/10/2025,260,Standard Home Clean,Shira Malka
Asaf Mizrahi,050-7623364,,26/10/2025,710,Deep Clean,Noa Peretz
Rachel Biton,,rachel21@walla.co.il,27/10/2025,300,Standard Home Clean,Yossi Amar
Rachel Vaknin,054-8466086,rachel61@hotmail.com,27/10/2025,270,Standard Home Clean,Noa Peretz
Gal Golan,058-6899921,gal80@gmail.com,27/10/2025,360,Window Cleaning,Avi Dahan
Lior Ohana,058-7466827,lior.ohana@gmail.com,28/10/2025,290,Standard Home Clean,Noa Peretz
Tamar Oz,052-1194705,tamar50@gmail.com,28/10/2025,370,Airbnb Turnover,Avi Dahan
David Cohen,053-9226312,dcohen@gmail.com,29/10/2025,300,Standard Home Clean,Avi Dahan
Amit Biton,058-2077568,abiton@walla.co.il,29/10/2025,260,Standard Home Clean,Avi Dahan
Olivia Goldberg,052-5143029,olivia.goldberg@gmail.com,29/10/2025,280,Standard Home Clean,Avi Dahan
Dana Bar,052-3189782,danab@outlook.com,29/10/2025,310,Airbnb Turnover,Yossi Amar
Rachel Halevi,052-5449172,rachelh@yahoo.com,30/10/2025,250,Standard Home Clean,Avi Dahan
Hannah Ohana,053-1799533,hannaho@gmail.com,30/10/2025,280,Standard Home Clean,Yossi Amar
,053-1799533,hannaho@gmail.com,30/10/2025,180,Fridge & Oven Add-on,Avi Dahan
Neta Cohen,053-9207501,neta26@yahoo.com,30/10/2025,320,Airbnb Turnover,Yossi Amar
Michal Biton,,michal.biton@gmail.com,30/10/2025,330,Window Cleaning,Yossi Amar
Eitan Malka,,eitan.malka@gmail.com,31/10/2025,310,Standard Home Clean,Shira Malka
Keren Goldberg,054-4944862,kgoldberg@yahoo.com,31/10/2025,250,Standard Home Clean,Avi Dahan
Keren Shapiro,052-4985596,,01/11/2025,290,Standard Home Clean,Shira Malka
Keren Sharabi,053-9048156,keren.sharabi@hotmail.com,01/11/2025,280,Standard Home Clean,Avi Dahan
Yossi Biton,058-6961890,ybiton@outlook.com,01/11/2025,300,Airbnb Turnover,Shira Malka
Orit Goldberg (Bluefin Insurance),052-5042455,office@bluefininsurance.co.il,01/11/2025,2480,Monthly Office Contract,Shira Malka
Ariel Elbaz (Shuk Coffee Roasters),058-8270836,office@shukcoffeeroasters.co.il,01/11/2025,2700,Monthly Office Contract,Shira Malka
Daniel Katz (Yafo Yoga Loft),050-8600351,office@yafoyogaloft.co.il,01/11/2025,2380,Monthly Office Contract,Avi Dahan
Ben Malka (Bialik Design House),058-9166461,office@bialikdesignhouse.co.il,01/11/2025,2610,Monthly Office Contract,Noa Peretz
Shira Ben-David,054-1526038,sbendavid@yahoo.com,01/11/2025,480,Carpet & Upholstery,Shira Malka
Oren Stern,058-1826072,oren.stern@hotmail.com,02/11/2025,290,Standard Home Clean,Noa Peretz
Oren Stern,058-1826072,oren.stern@hotmail.com,02/11/2025,270,Balcony & Terrace,Shira Malka
Inbar Levi,054-2791042,ilevi@gmail.com,02/11/2025,270,Standard Home Clean,Avi Dahan
Hannah Hadad (Lev Pediatrics),054-6496368,office@levpediatrics.co.il,02/11/2025,2640,Monthly Office Contract,Noa Peretz
Roni Bar,050-4362855,ronib@walla.co.il,03/11/2025,240,Standard Home Clean,Noa Peretz
Roni Bar,050-4362855,ronib@walla.co.il,03/11/2025,220,Balcony & Terrace,Yossi Amar
Inbar Rosen,054-1158071,inbar.rosen@outlook.com,03/11/2025,270,Standard Home Clean,Avi Dahan
Guy Goldberg,,guy.goldberg@gmail.com,03/11/2025,270,Standard Home Clean,Yossi Amar
Ran Klein,058-9969130,ran91@yahoo.com,03/11/2025,340,Airbnb Turnover,Noa Peretz
Shira Levi,058-5938134,shira.levi@walla.co.il,03/11/2025,330,Airbnb Turnover,Avi Dahan
David Bar (Ramat Gan Physio),052-1173038,office@ramatganphysio.co.il,03/11/2025,2710,Monthly Office Contract,Shira Malka
Orit Barak (Kiryat Labs),058-1534245,office@kiryatlabs.co.il,03/11/2025,2430,Monthly Office Contract,Avi Dahan
Merav Gabay (Oak Tree Kindergarten),058-8725429,office@oaktreekindergarten.co.il,03/11/2025,2290,Monthly Office Contract,Yossi Amar
Ben Elbaz,050-1960699,ben.elbaz@yahoo.com,03/11/2025,680,Deep Clean,Avi Dahan
Ethan Vaknin,053-9870329,ethan.vaknin@walla.co.il,03/11/2025,480,Carpet & Upholstery,Avi Dahan
Adi Elbaz,050-4795998,,04/11/2025,270,Standard Home Clean,Yossi Amar
Adi Elbaz,050-4795998,,04/11/2025,170,Fridge & Oven Add-on,Yossi Amar
Hannah Stern,054-8170039,hannah.stern@outlook.com,04/11/2025,320,Standard Home Clean,Shira Malka
Amit Vaknin,053-6177934,amit.vaknin@outlook.com,04/11/2025,240,Standard Home Clean,Noa Peretz
Maya Nachum,054-7422309,,04/11/2025,310,Standard Home Clean,Shira Malka
Inbar Weiss (Nordau Optics),052-8051920,office@nordauoptics.co.il,04/11/2025,2140,Monthly Office Contract,Avi Dahan
Roni Raz,050-3181261,ronir@outlook.com,05/11/2025,280,Standard Home Clean,Avi Dahan
Itai Klein,,,05/11/2025,290,Airbnb Turnover,Shira Malka
Tamar Sasson,054-6497283,tamar.sasson@hotmail.com,06/11/2025,370,Window Cleaning,Noa Peretz
Omer Klein,053-9800715,,06/11/2025,690,Deep Clean,Avi Dahan
Maya Rosen,054-8043732,mrosen@walla.co.il,06/11/2025,700,Deep Clean,Yossi Amar
Efrat Malka,054-8890486,,06/11/2025,620,Deep Clean,Noa Peretz
Chen Cohen,054-4364500,chenc@outlook.com,07/11/2025,270,Standard Home Clean,Shira Malka
Lior Ohana,058-7466827,lior.ohana@gmail.com,07/11/2025,270,Standard Home Clean,Avi Dahan
Neta Cohen,053-9207501,neta26@yahoo.com,07/11/2025,340,Airbnb Turnover,Avi Dahan
Nathan Oz,058-1548413,nathan64@yahoo.com,08/11/2025,260,Standard Home Clean,Yossi Amar
Nathan Oz,058-1548413,nathan64@yahoo.com,08/11/2025,440,Kitchen Deep Clean,Shira Malka
Guy Carmi,058-7435997,guy85@gmail.com,08/11/2025,530,Carpet & Upholstery,Avi Dahan
Sarah Ben-David,058-5114984,,08/11/2025,240,Standard Home Clean,Yossi Amar
Neta Elbaz,058-4410008,neta.elbaz@yahoo.com,08/11/2025,580,Deep Clean,Noa Peretz
David Cohen,053-9226312,dcohen@gmail.com,09/11/2025,280,Standard Home Clean,Noa Peretz
David Cohen,053-9226312,dcohen@gmail.com,09/11/2025,190,Fridge & Oven Add-on,Yossi Amar
Ido Halevi,053-5605743,ido.halevi@outlook.com,09/11/2025,290,Standard Home Clean,Noa Peretz
Ariel Stern,052-3613601,ariel80@walla.co.il,09/11/2025,300,Standard Home Clean,Noa Peretz
Sivan Ashkenazi,052-5359673,sivan.ashkenazi@gmail.com,09/11/2025,290,Standard Home Clean,Avi Dahan
Dana Oz,052-5323255,,10/11/2025,290,Standard Home Clean,Avi Dahan
Dana Bar,052-3189782,danab@outlook.com,10/11/2025,350,Airbnb Turnover,Yossi Amar
Tamar Oz,052-1194705,tamar50@gmail.com,10/11/2025,300,Airbnb Turnover,Shira Malka
Chen Navon,050-4567641,chenn@gmail.com,10/11/2025,1110,Move-in / Move-out Clean,Shira Malka
Oren Biton,052-7010816,oren78@walla.co.il,10/11/2025,1970,Post-Renovation Clean,Yossi Amar
Rachel Biton,,rachel21@walla.co.il,11/11/2025,290,Standard Home Clean,Shira Malka
Roni Nachum,058-8018473,rnachum@hotmail.com,11/11/2025,270,Standard Home Clean,Avi Dahan
Keren Shapiro,052-4985596,,12/11/2025,260,Standard Home Clean,Avi Dahan
Keren Shapiro,052-4985596,,12/11/2025,310,Window Cleaning,Shira Malka
Moran Levi,054-9674950,moran.levi@outlook.com,12/11/2025,260,Standard Home Clean,Shira Malka
Moran Levi,054-9674950,moran.levi@outlook.com,12/11/2025,240,Balcony & Terrace,Yossi Amar
Eitan Malka,,eitan.malka@gmail.com,12/11/2025,280,Standard Home Clean,Shira Malka
Roni Ben-David,053-7602836,ronib@hotmail.com,12/11/2025,270,Standard Home Clean,Yossi Amar
Jacob Raz,050-9343689,jacobr@gmail.com,12/11/2025,280,Standard Home Clean,Noa Peretz
Jacob Raz,050-9343689,jacobr@gmail.com,12/11/2025,400,Kitchen Deep Clean,Noa Peretz
Hannah Hadad (Lev Pediatrics),054-6496368,office@levpediatrics.co.il,12/11/2025,850,Office Cleaning,Shira Malka
Merav Gabay (Oak Tree Kindergarten),058-8725429,office@oaktreekindergarten.co.il,12/11/2025,750,Office Cleaning,Shira Malka
Matan Friedman,050-4023141,matan.friedman@gmail.com,12/11/2025,660,Deep Clean,Yossi Amar
Maya Gabay,052-1960961,maya.gabay@walla.co.il,13/11/2025,300,Standard Home Clean,Yossi Amar
Dana Azoulay,058-7253082,dana80@gmail.com,13/11/2025,280,Standard Home Clean,Yossi Amar
Ran Klein,058-9969130,ran91@yahoo.com,13/11/2025,340,Airbnb Turnover,Shira Malka
Yossi Biton,058-6961890,ybiton@outlook.com,13/11/2025,340,Airbnb Turnover,Shira Malka
Daniel Stern,050-2215922,daniel.stern@hotmail.com,13/11/2025,580,Deep Clean,Avi Dahan
Noa Ashkenazi,053-6871528,nashkenazi@yahoo.com,13/11/2025,1870,Post-Renovation Clean,Avi Dahan
Rachel Vaknin,054-8466086,rachel61@hotmail.com,14/11/2025,250,Standard Home Clean,Yossi Amar
Eitan Vaknin,050-2935892,evaknin@gmail.com,14/11/2025,290,Standard Home Clean,Avi Dahan
Keren Ziv,058-1158605,keren.ziv@yahoo.com,14/11/2025,280,Standard Home Clean,Shira Malka
Maya Rosen,054-8043732,mrosen@walla.co.il,06/11/2025,700,Deep Clean,Yossi Amar
Keren Ziv,058-1158605,keren.ziv@yahoo.com,14/11/2025,640,Deep Clean,Yossi Amar
Daniel Goldberg,053-9562910,daniel.goldberg@gmail.com,14/11/2025,1970,Post-Renovation Clean,Shira Malka
Noa Ziv,050-7561712,nziv@hotmail.com,15/11/2025,290,Standard Home Clean,Noa Peretz
Nadav Halevi,053-1809663,nhalevi@gmail.com,15/11/2025,290,Standard Home Clean,Yossi Amar
Nadav Halevi,053-1809663,nhalevi@gmail.com,15/11/2025,180,Fridge & Oven Add-on,Yossi Amar
Alon Levi,,,15/11/2025,290,Standard Home Clean,Noa Peretz
Shira Levi,058-5938134,shira.levi@walla.co.il,15/11/2025,330,Airbnb Turnover,Noa Peretz
Avi Ohana,050-3919204,avi.ohana@gmail.com,15/11/2025,380,Window Cleaning,Shira Malka
Orit Segal,050-4163742,osegal@gmail.com,15/11/2025,660,Deep Clean,Avi Dahan
Lior Ohana,058-7466827,lior.ohana@gmail.com,16/11/2025,260,Standard Home Clean,Yossi Amar
Eitan Bar,058-3632523,ebar@walla.co.il,16/11/2025,280,Standard Home Clean,Avi Dahan
Lior Mizrahi,053-4909415,,16/11/2025,240,Standard Home Clean,Noa Peretz
Itai Klein,,,16/11/2025,320,Airbnb Turnover,Yossi Amar
Yael Avraham,052-2403697,yael.avraham@hotmail.com,16/11/2025,440,Kitchen Deep Clean,Yossi Amar
Ran Peretz,053-1066562,ran.peretz@yahoo.com,16/11/2025,750,Deep Clean,Avi Dahan
Roni Bar,050-4362855,ronib@walla.co.il,17/11/2025,170,Fridge & Oven Add-on,Noa Peretz
Oren Stern,058-1826072,oren.stern@hotmail.com,17/11/2025,300,Standard Home Clean,Shira Malka
Maya Segal,050-6583224,maya.segal@gmail.com,17/11/2025,300,Standard Home Clean,Yossi Amar
Maya Segal,050-6583224,maya.segal@gmail.com,17/11/2025,340,Window Cleaning,Noa Peretz
Sarah Vaknin,050-9366889,sarah29@outlook.com,17/11/2025,690,Deep Clean,Shira Malka
Neta Bar,054-7212497,netab@hotmail.com,17/11/2025,610,Deep Clean,Avi Dahan
Inbar Rosen,054-1158071,inbar.rosen@outlook.com,18/11/2025,300,Standard Home Clean,Noa Peretz
Shira Goldberg,052-5004231,shirag@yahoo.com,18/11/2025,270,Standard Home Clean,Noa Peretz
Shira Goldberg,052-5004231,shirag@yahoo.com,18/11/2025,180,Fridge & Oven Add-on,Yossi Amar
Yossi Raz,054-5453983,yossir@outlook.com,18/11/2025,260,Standard Home Clean,Noa Peretz
Yossi Raz,054-5453983,yossir@outlook.com,18/11/2025,420,Kitchen Deep Clean,Noa Peretz
Ido Bar,058-1488506,idob@gmail.com,18/11/2025,390,Window Cleaning,Avi Dahan
Adi Elbaz,050-4795998,,19/11/2025,300,Standard Home Clean,Shira Malka
Hannah Sharabi,052-4666284,hannah.sharabi@outlook.com,19/11/2025,260,Standard Home Clean,Yossi Amar
Neta Sasson,054-7140209,neta59@outlook.com,19/11/2025,260,Standard Home Clean,Yossi Amar
Yossi Hadad,058-1991785,yossi85@outlook.com,19/11/2025,280,Standard Home Clean,Yossi Amar
Emily Carmi,054-5529933,emily.carmi@yahoo.com,19/11/2025,280,Standard Home Clean,Noa Peretz
Oren Segal,054-6841623,,20/11/2025,250,Standard Home Clean,Yossi Amar
Merav Carmi,052-5002345,,20/11/2025,280,Standard Home Clean,Noa Peretz
Efrat Weiss,058-3712535,eweiss@gmail.com,20/11/2025,300,Standard Home Clean,Yossi Amar
Keren Amar,054-3210743,keren56@outlook.com,21/11/2025,290,Standard Home Clean,Avi Dahan
Ran Klein,058-9969130,ran91@yahoo.com,21/11/2025,320,Airbnb Turnover,Noa Peretz
Inbar Weiss (Nordau Optics),052-8051920,office@nordauoptics.co.il,21/11/2025,950,Office Cleaning,Avi Dahan
David Cohen,053-9226312,dcohen@gmail.com,22/11/2025,250,Standard Home Clean,Shira Malka
Ido Goldberg,052-5253682,igoldberg@gmail.com,22/11/2025,260,Standard Home Clean,Avi Dahan
Chen Cohen,054-4364500,chenc@outlook.com,23/11/2025,250,Standard Home Clean,Noa Peretz
Lior Ohana,058-7466827,lior.ohana@gmail.com,23/11/2025,290,Standard Home Clean,Shira Malka
Tamar Oz,052-1194705,tamar50@gmail.com,23/11/2025,300,Airbnb Turnover,Avi Dahan
Olivia Katz,053-2425134,okatz@outlook.com,23/11/2025,370,Window Cleaning,Avi Dahan
Itai Sharabi,050-1548585,itai93@walla.co.il,23/11/2025,380,Window Cleaning,Noa Peretz
Keren Shapiro,052-4985596,,24/11/2025,270,Standard Home Clean,Shira Malka
Rachel Biton,,rachel21@walla.co.il,24/11/2025,290,Standard Home Clean,Avi Dahan
Rachel Biton,,rachel21@walla.co.il,24/11/2025,320,Balcony & Terrace,Shira Malka
Yarden Gabay,,yarden.gabay@yahoo.com,24/11/2025,290,Standard Home Clean,Noa Peretz
Oren Cohen,050-6515915,oren.cohen@outlook.com,24/11/2025,300,Standard Home Clean,Noa Peretz
Yossi Biton,058-6961890,ybiton@outlook.com,24/11/2025,270,Airbnb Turnover,Yossi Amar
Orit Bar,050-8033191,orit45@gmail.com,24/11/2025,270,Standard Home Clean,Noa Peretz
Asaf Klein,053-3897513,asaf.klein@gmail.com,25/11/2025,320,Standard Home Clean,Avi Dahan
Lior Vaknin,058-5794561,lvaknin@hotmail.com,25/11/2025,250,Standard Home Clean,Noa Peretz
Keren Goldberg,054-4944862,kgoldberg@yahoo.com,25/11/2025,260,Standard Home Clean,Noa Peretz
Shira Levi,058-5938134,shira.levi@walla.co.il,26/11/2025,320,Airbnb Turnover,Avi Dahan
Shai Stern,054-9041032,shai.stern@gmail.com,26/11/2025,410,Kitchen Deep Clean,Noa Peretz
Rachel Vaknin,054-8466086,rachel61@hotmail.com,27/11/2025,290,Standard Home Clean,Yossi Amar
Rachel Vaknin,054-8466086,rachel61@hotmail.com,27/11/2025,190,Fridge & Oven Add-on,Noa Peretz
Hannah Ohana,053-1799533,hannaho@gmail.com,27/11/2025,280,Standard Home Clean,Yossi Amar
Efrat Sharabi,053-3627778,efrats@hotmail.com,27/11/2025,370,Window Cleaning,Shira Malka
Sophie Barak,053-1533759,sophie.barak@hotmail.com,27/11/2025,620,Deep Clean,Avi Dahan
Avi Rosen,058-1339242,avi.rosen@yahoo.com,27/11/2025,670,Deep Clean,Avi Dahan
Rachel Weiss,058-6840827,rweiss@outlook.com,28/11/2025,290,Standard Home Clean,Avi Dahan
Rachel Weiss,058-6840827,rweiss@outlook.com,28/11/2025,370,Window Cleaning,Yossi Amar
Eitan Malka,,eitan.malka@gmail.com,28/11/2025,260,Standard Home Clean,Yossi Amar
Maya Gabay,052-1960961,maya.gabay@walla.co.il,28/11/2025,310,Standard Home Clean,Avi Dahan
Maya Gabay,052-1960961,maya.gabay@walla.co.il,28/11/2025,340,Window Cleaning,Avi Dahan
Roni Sasson,054-3452812,,28/11/2025,290,Standard Home Clean,Avi Dahan
Omer Levi,053-7612344,omer64@walla.co.il,28/11/2025,290,Standard Home Clean,Yossi Amar
Itai Klein,,,28/11/2025,310,Airbnb Turnover,Yossi Amar
Nadav Halevi,053-1809663,nhalevi@gmail.com,29/11/2025,260,Standard Home Clean,Yossi Amar
Rachel Halevi,052-5449172,rachelh@yahoo.com,29/11/2025,290,Standard Home Clean,Noa Peretz
Rachel Halevi,052-5449172,rachelh@yahoo.com,29/11/2025,420,Kitchen Deep Clean,Noa Peretz
Olivia Amar,,oamar@yahoo.com,29/11/2025,260,Standard Home Clean,Yossi Amar
Ran Klein,058-9969130,ran91@yahoo.com,29/11/2025,290,Airbnb Turnover,Shira Malka
Dana Bar,052-3189782,danab@outlook.com,29/11/2025,340,Airbnb Turnover,Noa Peretz
Roni Bar,050-4362855,ronib@walla.co.il,30/11/2025,310,Standard Home Clean,Yossi Amar
Roni Bar,050-4362855,ronib@walla.co.il,30/11/2025,190,Fridge & Oven Add-on,Shira Malka
Inbar Rosen,054-1158071,inbar.rosen@outlook.com,30/11/2025,270,Standard Home Clean,Avi Dahan
Olivia Goldberg,052-5143029,olivia.goldberg@gmail.com,30/11/2025,330,Standard Home Clean,Yossi Amar
Hannah Stern,054-8170039,hannah.stern@outlook.com,30/11/2025,280,Standard Home Clean,Yossi Amar
Maya Nachum,054-7422309,,30/11/2025,280,Standard Home Clean,Shira Malka
Moran Sasson,053-9018578,moran15@walla.co.il,30/11/2025,430,Kitchen Deep Clean,Noa Peretz
Daniel Sasson,053-7967699,daniel.sasson@yahoo.com,30/11/2025,370,Kitchen Deep Clean,Noa Peretz
Yael Biton,054-3578816,yael.biton@gmail.com,30/11/2025,1180,Move-in / Move-out Clean,Shira Malka
Moran Levi,054-9674950,moran.levi@outlook.com,01/12/2025,230,Standard Home Clean,Noa Peretz
Orit Goldberg (Bluefin Insurance),052-5042455,office@bluefininsurance.co.il,01/12/2025,2530,Monthly Office Contract,Yossi Amar
Ariel Elbaz (Shuk Coffee Roasters),058-8270836,office@shukcoffeeroasters.co.il,01/12/2025,2400,Monthly Office Contract,Yossi Amar
Daniel Katz (Yafo Yoga Loft),050-8600351,office@yafoyogaloft.co.il,01/12/2025,2510,Monthly Office Contract,Yossi Amar
Ben Malka (Bialik Design House),058-9166461,office@bialikdesignhouse.co.il,01/12/2025,2890,Monthly Office Contract,Avi Dahan
Orit Amar,053-9944412,,01/12/2025,360,Window Cleaning,Avi Dahan
David Golan,052-2788844,david.golan@hotmail.com,01/12/2025,590,Deep Clean,Shira Malka
Lior Ohana,058-7466827,lior.ohana@gmail.com,02/12/2025,260,Standard Home Clean,Noa Peretz
Daniel Ziv,,,02/12/2025,310,Standard Home Clean,Avi Dahan
Keren Sharabi,053-9048156,keren.sharabi@hotmail.com,02/12/2025,270,Standard Home Clean,Avi Dahan
Rachel Biton,,rachel21@walla.co.il,24/11/2025,320,Balcony & Terrace,Shira Malka
Alon Amar,050-5289482,aamar@outlook.com,02/12/2025,270,Standard Home Clean,Avi Dahan
Guy Goldberg,,guy.goldberg@gmail.com,02/12/2025,280,Standard Home Clean,Yossi Amar
Shira Levi,058-5938134,shira.levi@walla.co.il,02/12/2025,340,Airbnb Turnover,Shira Malka
Eitan Weiss (Tel Aviv Dental Clinic),052-9052527,office@telavivdentalclinic.co.il,02/12/2025,2690,Monthly Office Contract,Avi Dahan
Hannah Hadad (Lev Pediatrics),054-6496368,office@levpediatrics.co.il,02/12/2025,2260,Monthly Office Contract,Noa Peretz
Adi Klein,053-7535389,adik@outlook.com,02/12/2025,690,Deep Clean,Noa Peretz
Merav Peretz,054-8724228,mperetz@outlook.com,02/12/2025,310,Window Cleaning,Shira Malka
Moran Weiss,058-2324596,,03/12/2025,260,Standard Home Clean,Shira Malka
David Cohen,053-9226312,dcohen@gmail.com,03/12/2025,260,Standard Home Clean,Noa Peretz
David Cohen,053-9226312,dcohen@gmail.com,03/12/2025,290,Balcony & Terrace,Avi Dahan
Adi Elbaz,050-4795998,,03/12/2025,280,Standard Home Clean,Yossi Amar
Amit Biton,058-2077568,abiton@walla.co.il,03/12/2025,280,Standard Home Clean,Yossi Amar
Amit Vaknin,053-6177934,amit.vaknin@outlook.com,03/12/2025,270,Standard Home Clean,Avi Dahan
Amit Vaknin,053-6177934,amit.vaknin@outlook.com,03/12/2025,670,Deep Clean,Yossi Amar
David Bar (Ramat Gan Physio),052-1173038,office@ramatganphysio.co.il,03/12/2025,2560,Monthly Office Contract,Yossi Amar
Orit Barak (Kiryat Labs),058-1534245,office@kiryatlabs.co.il,03/12/2025,1900,Monthly Office Contract,Avi Dahan
Merav Gabay (Oak Tree Kindergarten),058-8725429,office@oaktreekindergarten.co.il,03/12/2025,2550,Monthly Office Contract,Avi Dahan
Sophie Sharabi,052-7238224,ssharabi@walla.co.il,03/12/2025,690,Deep Clean,Shira Malka
Neta Azoulay,054-7510837,neta96@gmail.com,03/12/2025,280,Standard Home Clean,Avi Dahan
Inbar Weiss (Nordau Optics),052-8051920,office@nordauoptics.co.il,04/12/2025,2470,Monthly Office Contract,Shira Malka
Sarah Stern,058-2884084,sarah38@hotmail.com,04/12/2025,780,Deep Clean,Shira Malka
Noa Ziv,050-7561712,nziv@hotmail.com,05/12/2025,310,Standard Home Clean,Shira Malka
Oren Stern,058-1826072,oren.stern@hotmail.com,05/12/2025,270,Standard Home Clean,Yossi Amar
Keren Ashkenazi,053-6753266,,05/12/2025,560,Carpet & Upholstery,Noa Peretz
Keren Segal,050-8374061,ksegal@outlook.com,05/12/2025,640,Deep Clean,Shira Malka
Rachel Biton,,rachel21@walla.co.il,06/12/2025,290,Standard Home Clean,Shira Malka
Roni Raz,050-3181261,ronir@outlook.com,06/12/2025,260,Standard Home Clean,Noa Peretz
Dana Bar,052-3189782,danab@outlook.com,06/12/2025,350,Airbnb Turnover,Yossi Amar
Alon Carmi,053-4030203,alon.carmi@gmail.com,06/12/2025,400,Carpet & Upholstery,Yossi Amar
Rachel Nachum,053-7031816,rnachum@outlook.com,06/12/2025,460,Carpet & Upholstery,Noa Peretz
Keren Shapiro,052-4985596,,07/12/2025,280,Standard Home Clean,Avi Dahan
Chen Cohen,054-4364500,chenc@outlook.com,07/12/2025,260,Standard Home Clean,Avi Dahan
Rachel Gabay,058-6790012,rachel.gabay@gmail.com,07/12/2025,280,Standard Home Clean,Noa Peretz
,052-1194705,tamar50@gmail.com,07/12/2025,260,Airbnb Turnover,Noa Peretz
Inbar Levi,054-2791042,ilevi@gmail.com,08/12/2025,300,Standard Home Clean,Noa Peretz
Yossi Biton,058-6961890,ybiton@outlook.com,08/12/2025,320,Airbnb Turnover,Avi Dahan
Neta Sharabi,053-2622086,neta.sharabi@outlook.com,08/12/2025,330,Window Cleaning,Noa Peretz
Lior Ohana,058-7466827,lior.ohana@gmail.com,09/12/2025,290,Standard Home Clean,Shira Malka
Lior Ohana,058-7466827,lior.ohana@gmail.com,09/12/2025,270,Balcony & Terrace,Yossi Amar
Ayelet Amar,053-7715781,ayelet.amar@gmail.com,09/12/2025,300,Standard Home Clean,Yossi Amar
Ariel Elbaz (Shuk Coffee Roasters),058-8270836,office@shukcoffeeroasters.co.il,09/12/2025,790,Office Cleaning,Noa Peretz
Alon Levi,,,10/12/2025,290,Standard Home Clean,Avi Dahan
Itai Klein,,,10/12/2025,340,Airbnb Turnover,Noa Peretz
Roni Segal,053-2080321,roni.segal@gmail.com,10/12/2025,450,Carpet & Upholstery,Yossi Amar
Guy Ben-David,050-2609862,guy25@gmail.com,10/12/2025,560,Deep Clean,Yossi Amar
Inbar Rosen,054-1158071,inbar.rosen@outlook.com,11/12/2025,290,Standard Home Clean,Avi Dahan
Ran Klein,058-9969130,ran91@yahoo.com,11/12/2025,360,Airbnb Turnover,Noa Peretz
Elad Weiss,053-3874198,,11/12/2025,320,Airbnb Turnover,Noa Peretz
Sophie Weiss,050-4744601,sophie59@walla.co.il,11/12/2025,590,Deep Clean,Yossi Amar
Moran Ashkenazi,058-6546409,moran.ashkenazi@walla.co.il,11/12/2025,680,Deep Clean,Avi Dahan
Rachel Weiss,058-6840827,rweiss@outlook.com,12/12/2025,280,Standard Home Clean,Noa Peretz
Dana Oz,052-5323255,,12/12/2025,290,Standard Home Clean,Avi Dahan
Dana Oz,052-5323255,,12/12/2025,410,Kitchen Deep Clean,Noa Peretz
Hannah Sharabi,052-4666284,hannah.sharabi@outlook.com,12/12/2025,290,Standard Home Clean,Noa Peretz
Nathan Oz,058-1548413,nathan64@yahoo.com,12/12/2025,280,Standard Home Clean,Noa Peretz
Ran Stern,052-8098759,rans@hotmail.com,12/12/2025,470,Kitchen Deep Clean,Yossi Amar
David Cohen,053-9226312,dcohen@gmail.com,13/12/2025,300,Standard Home Clean,Avi Dahan
Eitan Malka,,eitan.malka@gmail.com,13/12/2025,TBD,Standard Home Clean,Avi Dahan
Rachel Vaknin,054-8466086,rachel61@hotmail.com,13/12/2025,230,Standard Home Clean,Yossi Amar
Rachel Vaknin,054-8466086,rachel61@hotmail.com,13/12/2025,350,Window Cleaning,Avi Dahan
Roni Nachum,058-8018473,rnachum@hotmail.com,13/12/2025,270,Standard Home Clean,Noa Peretz
Dana Azoulay,058-7253082,dana80@gmail.com,13/12/2025,280,Standard Home Clean,Yossi Amar
Adi Elbaz,050-4795998,,14/12/2025,300,Standard Home Clean,Yossi Amar
Ido Halevi,053-5605743,ido.halevi@outlook.com,14/12/2025,270,Standard Home Clean,Yossi Amar
Yossi Biton,058-6961890,ybiton@outlook.com,14/12/2025,310,Airbnb Turnover,Shira Malka
Ido Navon,054-6005475,ido.navon@outlook.com,14/12/2025,560,Deep Clean,Noa Peretz
Jacob Friedman,052-1311388,jacob93@gmail.com,15/12/2025,300,Standard Home Clean,Noa Peretz
Roni Ben-David,053-7602836,ronib@hotmail.com,15/12/2025,300,Standard Home Clean,Noa Peretz
Roni Bar,050-4362855,ronib@walla.co.il,16/12/2025,270,Standard Home Clean,Yossi Amar
Roni Bar,050-4362855,ronib@walla.co.il,16/12/2025,150,Fridge & Oven Add-on,Noa Peretz
Moran Levi,054-9674950,moran.levi@outlook.com,16/12/2025,280,Standard Home Clean,Shira Malka
Nadav Halevi,053-1809663,nhalevi@gmail.com,16/12/2025,280,Standard Home Clean,Shira Malka
Shira Goldberg,052-5004231,shirag@yahoo.com,16/12/2025,260,Standard Home Clean,Noa Peretz
Yonatan Friedman,052-8814949,yonatan.friedman@hotmail.com,16/12/2025,300,Standard Home Clean,Shira Malka
Keren Goldberg,054-4944862,kgoldberg@yahoo.com,16/12/2025,270,Standard Home Clean,Noa Peretz
Keren Goldberg,054-4944862,kgoldberg@yahoo.com,16/12/2025,590,Deep Clean,Yossi Amar
Yonatan Shapiro,058-6728679,yonatan.shapiro@gmail.com,16/12/2025,290,Airbnb Turnover,Shira Malka
Shira Levi,058-5938134,shira.levi@walla.co.il,16/12/2025,310,Airbnb Turnover,Avi Dahan
Maya Biton,052-1586622,mayab@gmail.com,16/12/2025,1820,Post-Renovation Clean,Avi Dahan
Neta Vaknin,054-4214201,neta29@walla.co.il,16/12/2025,1170,Move-in / Move-out Clean,Yossi Amar
Jacob Bar,052-9172463,jacob.bar@gmail.com,16/12/2025,630,Deep Clean,Shira Malka
Moran Weiss,058-2324596,,17/12/2025,260,Standard Home Clean,Shira Malka
Moran Weiss,058-2324596,,17/12/2025,240,Balcony & Terrace,Yossi Amar
Lior Ohana,058-7466827,lior.ohana@gmail.com,17/12/2025,270,Standard Home Clean,Avi Dahan
Lior Mizrahi,053-4909415,,17/12/2025,290,Standard Home Clean,Yossi Amar
Lior Mizrahi,053-4909415,,17/12/2025,700,Deep Clean,Avi Dahan
Rachel Golan,052-2139352,rgolan@gmail.com,17/12/2025,710,Deep Clean,Noa Peretz
Oren Dahan,050-9994877,,17/12/2025,370,Kitchen Deep Clean,Yossi Amar
Maya Gabay,052-1960961,maya.gabay@walla.co.il,18/12/2025,270,Standard Home Clean,Yossi Amar
Itai Klein,,,18/12/2025,290,Airbnb Turnover,Avi Dahan
Daniel Ziv,,,19/12/2025,310,Standard Home Clean,Avi Dahan
Eitan Bar,058-3632523,ebar@walla.co.il,19/12/2025,270,Standard Home Clean,Yossi Amar
Eitan Vaknin,050-2935892,evaknin@gmail.com,19/12/2025,320,Standard Home Clean,Avi Dahan
Ido Goldberg,052-5253682,igoldberg@gmail.com,19/12/2025,270,Standard Home Clean,Avi Dahan
Ido Goldberg,052-5253682,igoldberg@gmail.com,19/12/2025,190,Fridge & Oven Add-on,Noa Peretz
Maya Segal,050-6583224,maya.segal@gmail.com,19/12/2025,280,Standard Home Clean,Noa Peretz
Ariel Elbaz (Shuk Coffee Roasters),058-8270836,office@shukcoffeeroasters.co.il,09/12/2025,790,Office Cleaning,Noa Peretz
Orit Goldberg (Bluefin Insurance),052-5042455,office@bluefininsurance.co.il,19/12/2025,890,Office Cleaning,Yossi Amar
David Ohana,053-4197981,davido@yahoo.com,19/12/2025,710,Deep Clean,Noa Peretz
Rachel Biton,,rachel21@walla.co.il,20/12/2025,300,Standard Home Clean,Shira Malka
Rachel Biton,,rachel21@walla.co.il,20/12/2025,270,Balcony & Terrace,Avi Dahan
Oren Stern,058-1826072,oren.stern@hotmail.com,20/12/2025,270,Standard Home Clean,Noa Peretz
Oren Stern,058-1826072,oren.stern@hotmail.com,20/12/2025,240,Balcony & Terrace,Noa Peretz
Keren Amar,054-3210743,keren56@outlook.com,20/12/2025,270,Standard Home Clean,Yossi Amar
Yossi Hadad,058-1991785,yossi85@outlook.com,20/12/2025,290,Standard Home Clean,Avi Dahan
Jacob Raz,050-9343689,jacobr@gmail.com,20/12/2025,280,Standard Home Clean,Avi Dahan
Yossi Raz,054-5453983,yossir@outlook.com,20/12/2025,250,Standard Home Clean,Avi Dahan
Dana Bar,052-3189782,danab@outlook.com,20/12/2025,350,Airbnb Turnover,Shira Malka
Yael Gabay,054-3110676,yael.gabay@gmail.com,20/12/2025,460,Carpet & Upholstery,Shira Malka
Keren Ziv,058-1158605,keren.ziv@yahoo.com,21/12/2025,290,Standard Home Clean,Noa Peretz
Merav Carmi,052-5002345,,21/12/2025,290,Standard Home Clean,Yossi Amar
Ran Klein,058-9969130,ran91@yahoo.com,21/12/2025,320,Airbnb Turnover,Avi Dahan
Elad Weiss,053-3874198,,21/12/2025,360,Airbnb Turnover,Noa Peretz
Tamar Oz,052-1194705,tamar50@gmail.com,21/12/2025,310,Airbnb Turnover,Noa Peretz
Merav Gabay (Oak Tree Kindergarten),058-8725429,office@oaktreekindergarten.co.il,21/12/2025,1000,Office Cleaning,Shira Malka
Noa Ziv,050-7561712,nziv@hotmail.com,22/12/2025,290,Standard Home Clean,Yossi Amar
Rachel Peretz,053-7305786,rachel.peretz@hotmail.com,22/12/2025,230,Standard Home Clean,Shira Malka
Itai Halevi,054-6436839,,22/12/2025,250,Standard Home Clean,Shira Malka
Nadav Katz,052-9454140,nadav.katz@gmail.com,22/12/2025,580,Deep Clean,Avi Dahan
Keren Shapiro,052-4985596,,23/12/2025,300,Standard Home Clean,Avi Dahan
Keren Shapiro,052-4985596,,23/12/2025,180,Fridge & Oven Add-on,Avi Dahan
Omer Levi,053-7612344,omer64@walla.co.il,23/12/2025,290,Standard Home Clean,Noa Peretz
Oren Segal,054-6841623,,23/12/2025,290,Standard Home Clean,Shira Malka
Oren Cohen,050-6515915,oren.cohen@outlook.com,23/12/2025,270,Standard Home Clean,Noa Peretz
Shira Levi,058-5938134,shira.levi@walla.co.il,23/12/2025,330,Airbnb Turnover,Avi Dahan
Tamar Sasson,054-6497283,tamar.sasson@hotmail.com,23/12/2025,710,Deep Clean,Yossi Amar
David Cohen,053-9226312,dcohen@gmail.com,24/12/2025,270,Standard Home Clean,Yossi Amar
Ayelet Amar,053-7715781,ayelet.amar@gmail.com,24/12/2025,290,Standard Home Clean,Noa Peretz
Ayelet Amar,053-7715781,ayelet.amar@gmail.com,24/12/2025,160,Fridge & Oven Add-on,Avi Dahan
Hannah Ohana,053-1799533,hannaho@gmail.com,24/12/2025,290,Standard Home Clean,Yossi Amar
David Bar (Ramat Gan Physio),052-1173038,office@ramatganphysio.co.il,24/12/2025,350,Window Cleaning,Noa Peretz
Chen Cohen,054-4364500,chenc@outlook.com,25/12/2025,290,Standard Home Clean,Noa Peretz
Rachel Weiss,058-6840827,rweiss@outlook.com,25/12/2025,300,Standard Home Clean,Shira Malka
Rachel Weiss,058-6840827,rweiss@outlook.com,25/12/2025,260,Balcony & Terrace,Yossi Amar
Lior Vaknin,058-5794561,lvaknin@hotmail.com,25/12/2025,290,Standard Home Clean,Noa Peretz
Neta Sasson,054-7140209,neta59@outlook.com,25/12/2025,260,Standard Home Clean,Avi Dahan
Yossi Biton,058-6961890,ybiton@outlook.com,25/12/2025,250,Airbnb Turnover,Noa Peretz
Inbar Rosen,054-1158071,inbar.rosen@outlook.com,26/12/2025,260,Standard Home Clean,Shira Malka
Asaf Raz,058-2452542,asaf.raz@gmail.com,26/12/2025,290,Airbnb Turnover,Noa Peretz
Sophie Stern,050-7062972,sstern@gmail.com,26/12/2025,610,Deep Clean,Shira Malka
Gal Golan,058-6899921,gal80@gmail.com,26/12/2025,640,Deep Clean,Shira Malka
Eitan Malka,,eitan.malka@gmail.com,27/12/2025,260,Standard Home Clean,Noa Peretz
Eitan Malka,,eitan.malka@gmail.com,27/12/2025,170,Fridge & Oven Add-on,Noa Peretz
Yarden Gabay,,yarden.gabay@yahoo.com,27/12/2025,270,Standard Home Clean,Shira Malka
Asaf Klein,053-3897513,asaf.klein@gmail.com,27/12/2025,280,Standard Home Clean,Shira Malka
Asaf Klein,053-3897513,asaf.klein@gmail.com,27/12/2025,350,Window Cleaning,Noa Peretz
Rachel Halevi,052-5449172,rachelh@yahoo.com,27/12/2025,300,Standard Home Clean,Noa Peretz
Elad Weiss,053-3874198,,27/12/2025,350,Airbnb Turnover,Shira Malka
Itai Klein,,,27/12/2025,350,Airbnb Turnover,Yossi Amar
Roni Barak,,rbarak@walla.co.il,27/12/2025,310,Standard Home Clean,Yossi Amar
Lior Ohana,058-7466827,lior.ohana@gmail.com,28/12/2025,280,Standard Home Clean,Yossi Amar
Roni Bar,050-4362855,ronib@walla.co.il,28/12/2025,250,Standard Home Clean,Noa Peretz
Jacob Friedman,052-1311388,jacob93@gmail.com,28/12/2025,290,Standard Home Clean,Avi Dahan
Olivia Goldberg,052-5143029,olivia.goldberg@gmail.com,28/12/2025,290,Standard Home Clean,Avi Dahan
Olivia Goldberg,052-5143029,olivia.goldberg@gmail.com,28/12/2025,370,Window Cleaning,Avi Dahan
Lior Ben-David,058-1741062,lbendavid@hotmail.com,28/12/2025,720,Deep Clean,Noa Peretz
Moran Bar,052-9360671,moranb@gmail.com,29/12/2025,290,Standard Home Clean,Avi Dahan
Adi Elbaz,050-4795998,,29/12/2025,260,Standard Home Clean,Noa Peretz
Yonatan Shapiro,058-6728679,yonatan.shapiro@gmail.com,29/12/2025,340,Airbnb Turnover,Shira Malka
Tamar Oz,052-1194705,tamar50@gmail.com,29/12/2025,340,Airbnb Turnover,Yossi Amar
Shira Levi,058-5938134,shira.levi@walla.co.il,29/12/2025,370,Airbnb Turnover,Avi Dahan
Sivan Navon,054-6250733,,29/12/2025,670,Deep Clean,Noa Peretz
Ariel Weiss,054-6922799,aweiss@walla.co.il,29/12/2025,2070,Post-Renovation Clean,Avi Dahan
Moran Weiss,058-2324596,,30/12/2025,290,Standard Home Clean,Avi Dahan
Rachel Biton,,rachel21@walla.co.il,30/12/2025,260,Standard Home Clean,Avi Dahan
Rachel Biton,,rachel21@walla.co.il,30/12/2025,170,Fridge & Oven Add-on,Noa Peretz
Rachel Vaknin,054-8466086,rachel61@hotmail.com,30/12/2025,270,Standard Home Clean,Yossi Amar
Merav Raz,,merav.raz@walla.co.il,30/12/2025,640,Deep Clean,Shira Malka
Oren Ben-David,058-8102349,oren98@walla.co.il,30/12/2025,640,Deep Clean,Noa Peretz
Roni Sasson,054-3452812,,31/12/2025,260,Standard Home Clean,Shira Malka
Hannah Stern,054-8170039,hannah.stern@outlook.com,31/12/2025,280,Standard Home Clean,Yossi Amar
Hannah Stern,054-8170039,hannah.stern@outlook.com,31/12/2025,410,Kitchen Deep Clean,Shira Malka
Keren Sharabi,053-9048156,keren.sharabi@hotmail.com,31/12/2025,330,Standard Home Clean,Noa Peretz
Hila Avraham,053-2872006,hila.avraham@gmail.com,31/12/2025,280,Standard Home Clean,Avi Dahan
Ran Klein,058-9969130,ran91@yahoo.com,31/12/2025,330,Airbnb Turnover,Noa Peretz
Guy Navon,053-4136244,guy53@hotmail.com,31/12/2025,460,Carpet & Upholstery,Noa Peretz
Michal Sharabi,054-4663355,michals@gmail.com,31/12/2025,1250,Move-in / Move-out Clean,Noa Peretz
Amit Vaknin,053-6177934,amit.vaknin@outlook.com,01/01/2026,280,Standard Home Clean,Shira Malka
Amit Vaknin,053-6177934,amit.vaknin@outlook.com,01/01/2026,200,Fridge & Oven Add-on,Noa Peretz
Orit Goldberg (Bluefin Insurance),052-5042455,office@bluefininsurance.co.il,01/01/2026,2220,Monthly Office Contract,Noa Peretz
Ariel Elbaz (Shuk Coffee Roasters),058-8270836,office@shukcoffeeroasters.co.il,01/01/2026,2380,Monthly Office Contract,Yossi Amar
Daniel Katz (Yafo Yoga Loft),050-8600351,office@yafoyogaloft.co.il,01/01/2026,2740,Monthly Office Contract,Shira Malka
Yossi Barak (Mint Coworking),053-3173331,office@mintcoworking.co.il,01/01/2026,2260,Monthly Office Contract,Yossi Amar
Tamar Shapiro (Arlozorov Pilates),058-2562002,office@arlozorovpilates.co.il,01/01/2026,2370,Monthly Office Contract,Shira Malka
Ben Malka (Bialik Design House),058-9166461,office@bialikdesignhouse.co.il,01/01/2026,2340,Monthly Office Contract,Yossi Amar
Chen Mizrahi,054-3862851,cmizrahi@yahoo.com,01/01/2026,320,Window Cleaning,Noa Peretz
Yarden Malka,058-1385217,yardenm@walla.co.il,01/01/2026,270,Standard Home Clean,Noa Peretz
Nadav Halevi,053-1809663,nhalevi@gmail.com,02/01/2026,270,Standard Home Clean,Yossi Amar
Eitan Weiss (Tel Aviv Dental Clinic),052-9052527,office@telavivdentalclinic.co.il,02/01/2026,2200,Monthly Office Contract,Shira Malka
Hannah Hadad (Lev Pediatrics),054-6496368,office@levpediatrics.co.il,02/01/2026,2130,Monthly Office Contract,Shira Malka
Moran Levi,054-9674950,moran.levi@outlook.com,03/01/2026,280,Standard Home Clean,Noa Peretz
Moran Levi,054-9674950,moran.levi@outlook.com,03/01/2026,350,Window Cleaning,Avi Dahan
David Bar (Ramat Gan Physio),052-1173038,office@ramatganphysio.co.il,03/01/2026,2570,Monthly Office Contract,Avi Dahan
David Bar (Ramat Gan Physio),052-1173038,office@ramatganphysio.co.il,24/12/2025,350,Window Cleaning,Noa Peretz
Orit Barak (Kiryat Labs),058-1534245,office@kiryatlabs.co.il,03/01/2026,2190,Monthly Office Contract,Avi Dahan
Merav Gabay (Oak Tree Kindergarten),058-8725429,office@oaktreekindergarten.co.il,03/01/2026,2400,Monthly Office Contract,Avi Dahan
Matan Rosen,052-1298184,matan55@gmail.com,03/01/2026,300,Standard Home Clean,Noa Peretz
Keren Shapiro,052-4985596,,04/01/2026,320,Standard Home Clean,Noa Peretz
Keren Shapiro,052-4985596,,04/01/2026,180,Fridge & Oven Add-on,Yossi Amar
Maya Gabay,052-1960961,maya.gabay@walla.co.il,04/01/2026,290,Standard Home Clean,Shira Malka
Tamar Oz,052-1194705,tamar50@gmail.com,04/01/2026,360,Airbnb Turnover,Yossi Amar
Inbar Weiss (Nordau Optics),052-8051920,office@nordauoptics.co.il,04/01/2026,2340,Monthly Office Contract,Shira Malka
Yarden Bar,053-4324062,yarden.bar@yahoo.com,04/01/2026,580,Deep Clean,Shira Malka
Ethan Nachum,054-6598865,ethan91@gmail.com,04/01/2026,1120,Move-in / Move-out Clean,Noa Peretz
Daniel Ziv,,,05/01/2026,260,Standard Home Clean,Avi Dahan
Rachel Gabay,058-6790012,rachel.gabay@gmail.com,05/01/2026,310,Standard Home Clean,Yossi Amar
Guy Goldberg,,guy.goldberg@gmail.com,05/01/2026,290,Standard Home Clean,Shira Malka
Olivia Amar,,oamar@yahoo.com,05/01/2026,280,Standard Home Clean,Avi Dahan
Asaf Raz,058-2452542,asaf.raz@gmail.com,05/01/2026,310,Airbnb Turnover,Yossi Amar
Tom Raz (Studio Orbit),,office@studioorbit.co.il,05/01/2026,2620,Monthly Office Contract,Shira Malka
Tamar Hadad (Gordon Accounting),052-3937855,office@gordonaccounting.co.il,05/01/2026,2050,Monthly Office Contract,Noa Peretz
Lior Ohana,058-7466827,lior.ohana@gmail.com,06/01/2026,290,Standard Home Clean,Shira Malka
Lior Ohana,058-7466827,lior.ohana@gmail.com,06/01/2026,190,Fridge & Oven Add-on,Yossi Amar
Roni Raz,050-3181261,ronir@outlook.com,06/01/2026,270,Standard Home Clean,Yossi Amar
Hannah Sharabi,052-4666284,hannah.sharabi@outlook.com,06/01/2026,260,Standard Home Clean,Noa Peretz
Alon Amar,050-5289482,aamar@outlook.com,06/01/2026,280,Standard Home Clean,Avi Dahan
Yonatan Shapiro,058-6728679,yonatan.shapiro@gmail.com,06/01/2026,230,Airbnb Turnover,Avi Dahan
Guy Azoulay,053-7246674,guy.azoulay@gmail.com,06/01/2026,310,Window Cleaning,Noa Peretz
Rachel Weiss,058-6840827,rweiss@outlook.com,07/01/2026,230,Standard Home Clean,Yossi Amar
Rachel Weiss,058-6840827,rweiss@outlook.com,07/01/2026,150,Fridge & Oven Add-on,Avi Dahan
Ayelet Amar,053-7715781,ayelet.amar@gmail.com,07/01/2026,300,Standard Home Clean,Yossi Amar
Ayelet Amar,053-7715781,ayelet.amar@gmail.com,07/01/2026,270,Balcony & Terrace,Noa Peretz
Oren Stern,058-1826072,oren.stern@hotmail.com,07/01/2026,250,Standard Home Clean,Shira Malka
Alon Levi,,,07/01/2026,270,Standard Home Clean,Yossi Amar
Yossi Biton,058-6961890,ybiton@outlook.com,07/01/2026,350,Airbnb Turnover,Shira Malka
Elad Weiss,053-3874198,,07/01/2026,310,Airbnb Turnover,Shira Malka
Avi Friedman,058-1518913,,07/01/2026,690,Deep Clean,Avi Dahan
David Cohen,053-9226312,dcohen@gmail.com,08/01/2026,220,Standard Home Clean,Noa Peretz
Noa Ziv,050-7561712,nziv@hotmail.com,08/01/2026,300,Standard Home Clean,Avi Dahan
Inbar Rosen,054-1158071,inbar.rosen@outlook.com,08/01/2026,280,Standard Home Clean,Yossi Amar
Emily Ben-David,058-9354691,emilyb@gmail.com,08/01/2026,310,Window Cleaning,Noa Peretz
Chen Cohen,054-4364500,chenc@outlook.com,09/01/2026,300,Standard Home Clean,Shira Malka
Roni Bar,050-4362855,ronib@walla.co.il,09/01/2026,230,Standard Home Clean,Noa Peretz
Amit Biton,058-2077568,abiton@walla.co.il,09/01/2026,260,Standard Home Clean,Avi Dahan
Yonatan Friedman,052-8814949,yonatan.friedman@hotmail.com,09/01/2026,280,Standard Home Clean,Yossi Amar
Inbar Katz,054-9569998,inbar.katz@gmail.com,09/01/2026,380,Window Cleaning,Avi Dahan
Roni Rosen,050-4960387,ronir@gmail.com,09/01/2026,1640,Post-Renovation Clean,Avi Dahan
Moran Weiss,058-2324596,,10/01/2026,250,Standard Home Clean,Noa Peretz
Moran Weiss,058-2324596,,10/01/2026,380,Window Cleaning,Avi Dahan
Adi Elbaz,050-4795998,,10/01/2026,290,Standard Home Clean,Yossi Amar
Adi Elbaz,050-4795998,,10/01/2026,350,Window Cleaning,Noa Peretz
Itai Klein,,,10/01/2026,320,Airbnb Turnover,Yossi Amar
Yossi Barak (Mint Coworking),053-3173331,office@mintcoworking.co.il,10/01/2026,1000,Office Cleaning,Noa Peretz
Keren Goldberg,054-4944862,kgoldberg@yahoo.com,11/01/2026,260,Standard Home Clean,Shira Malka
,050-3390604,,11/01/2026,320,Airbnb Turnover,Yossi Amar
Tamar Oz,052-1194705,tamar50@gmail.com,11/01/2026,320,Airbnb Turnover,Noa Peretz
Uri Katz,050-8662113,uri.katz@gmail.com,11/01/2026,730,Deep Clean,Avi Dahan
Eitan Malka,,eitan.malka@gmail.com,12/01/2026,310,Standard Home Clean,Shira Malka
Eitan Malka,,eitan.malka@gmail.com,12/01/2026,160,Fridge & Oven Add-on,Yossi Amar
Moran Bar,052-9360671,moranb@gmail.com,12/01/2026,280,Standard Home Clean,Shira Malka
Moran Bar,052-9360671,moranb@gmail.com,12/01/2026,170,Fridge & Oven Add-on,Noa Peretz
Jacob Friedman,052-1311388,jacob93@gmail.com,12/01/2026,290,Standard Home Clean,Avi Dahan
Dana Oz,052-5323255,,12/01/2026,280,Standard Home Clean,Yossi Amar
Shira Levi,058-5938134,shira.levi@walla.co.il,12/01/2026,360,Airbnb Turnover,Yossi Amar
Yael Ben-David,052-4941462,yaelb@yahoo.com,12/01/2026,530,Deep Clean,Shira Malka
Rachel Biton,,rachel21@walla.co.il,13/01/2026,270,Standard Home Clean,Yossi Amar
Rachel Biton,,rachel21@walla.co.il,13/01/2026,380,Window Cleaning,Avi Dahan
Inbar Levi,054-2791042,ilevi@gmail.com,13/01/2026,260,Standard Home Clean,Yossi Amar
Yossi Biton,058-6961890,ybiton@outlook.com,13/01/2026,300,Airbnb Turnover,Shira Malka
Rachel Vaknin,054-8466086,rachel61@hotmail.com,14/01/2026,290,Standard Home Clean,Yossi Amar
Shira Goldberg,052-5004231,shirag@yahoo.com,14/01/2026,280,Standard Home Clean,Avi Dahan
Keren Amar,054-3210743,keren56@outlook.com,14/01/2026,280,Standard Home Clean,Shira Malka
Dana Azoulay,058-7253082,dana80@gmail.com,14/01/2026,310,Standard Home Clean,Noa Peretz
Ido Halevi,053-5605743,ido.halevi@outlook.com,14/01/2026,260,Standard Home Clean,Yossi Amar
Orit Barak (Kiryat Labs),058-1534245,office@kiryatlabs.co.il,14/01/2026,780,Office Cleaning,Shira Malka
Ran Ohana,,,15/01/2026,320,Airbnb Turnover,Yossi Amar
Yonatan Shapiro,058-6728679,yonatan.shapiro@gmail.com,15/01/2026,290,Airbnb Turnover,Yossi Amar
Keren Shapiro,052-4985596,,16/01/2026,280,Standard Home Clean,Noa Peretz
Keren Shapiro,052-4985596,,16/01/2026,180,Fridge & Oven Add-on,Avi Dahan
Lior Ohana,058-7466827,lior.ohana@gmail.com,16/01/2026,250,Standard Home Clean,Shira Malka
Omer Levi,053-7612344,omer64@walla.co.il,16/01/2026,270,Standard Home Clean,Shira Malka
Roni Ben-David,053-7602836,ronib@hotmail.com,16/01/2026,250,Standard Home Clean,Yossi Amar
Nathan Oz,058-1548413,nathan64@yahoo.com,16/01/2026,290,Standard Home Clean,Noa Peretz
Dana Bar,052-3189782,danab@outlook.com,16/01/2026,290,Airbnb Turnover,Yossi Amar
Adi Ashkenazi,054-4514360,adia@gmail.com,16/01/2026,650,Deep Clean,Shira Malka
Daniel Malka,050-7006598,daniel.malka@gmail.com,16/01/2026,1150,Move-in / Move-out Clean,Shira Malka
Yossi Hadad,058-1991785,yossi85@outlook.com,17/01/2026,280,Standard Home Clean,Noa Peretz
Lior Mizrahi,053-4909415,,17/01/2026,290,Standard Home Clean,Avi Dahan
Lior Mizrahi,053-4909415,,17/01/2026,660,Deep Clean,Shira Malka
Asaf Raz,058-2452542,asaf.raz@gmail.com,17/01/2026,310,Airbnb Turnover,Noa Peretz
Tamar Oz,052-1194705,tamar50@gmail.com,17/01/2026,320,Airbnb Turnover,Avi Dahan
Elad Levi,052-7431990,elad49@gmail.com,17/01/2026,440,Kitchen Deep Clean,Shira Malka
Olivia Elbaz,058-8698710,olivia.elbaz@gmail.com,17/01/2026,630,Deep Clean,Shira Malka
Sarah Golan,050-6008191,sarah.golan@gmail.com,17/01/2026,2020,Post-Renovation Clean,Yossi Amar
Nadav Halevi,053-1809663,nhalevi@gmail.com,18/01/2026,320,Standard Home Clean,Shira Malka
Roni Nachum,058-8018473,rnachum@hotmail.com,18/01/2026,270,Standard Home Clean,Shira Malka
Hannah Shapiro,054-9657965,hannah43@outlook.com,18/01/2026,310,Standard Home Clean,Noa Peretz
Itai Klein,,,18/01/2026,340,Airbnb Turnover,Yossi Amar
Tamar Hadad (Gordon Accounting),052-3937855,office@gordonaccounting.co.il,18/01/2026,900,Office Cleaning,Avi Dahan
Uri Ben-David,058-3140846,uri72@gmail.com,18/01/2026,340,Window Cleaning,Noa Peretz
Ayelet Amar,053-7715781,ayelet.amar@gmail.com,07/01/2026,300,Standard Home Clean,Yossi Amar
Efrat Tal,058-5620119,efrat.tal@walla.co.il,18/01/2026,770,Deep Clean,Yossi Amar
Nadav Nachum,058-8721889,nadavn@outlook.com,18/01/2026,680,Deep Clean,Shira Malka
Lior Avraham,058-2876213,lavraham@gmail.com,18/01/2026,480,Carpet & Upholstery,Yossi Amar
Ido Goldberg,052-5253682,igoldberg@gmail.com,19/01/2026,290,Standard Home Clean,Avi Dahan
Rachel Peretz,053-7305786,rachel.peretz@hotmail.com,20/01/2026,300,Standard Home Clean,Yossi Amar
Itai Halevi,054-6436839,,20/01/2026,270,Standard Home Clean,Shira Malka
Hannah Ohana,053-1799533,hannaho@gmail.com,20/01/2026,270,Standard Home Clean,Noa Peretz
Ran Klein,058-9969130,ran91@yahoo.com,20/01/2026,310,Airbnb Turnover,Avi Dahan
Olivia Bar,054-1176460,obar@yahoo.com,20/01/2026,240,Standard Home Clean,Shira Malka
Chen Ohana,058-3417131,,20/01/2026,370,Window Cleaning,Avi Dahan
Sophie Carmi,053-1265605,,20/01/2026,300,Standard Home Clean,Noa Peretz
Jacob Segal,058-3542184,jacob40@gmail.com,20/01/2026,510,Carpet & Upholstery,Avi Dahan
Oren Stern,058-1826072,oren.stern@hotmail.com,21/01/2026,240,Standard Home Clean,Avi Dahan
Eitan Bar,058-3632523,ebar@walla.co.il,21/01/2026,290,Standard Home Clean,Avi Dahan
Eitan Vaknin,050-2935892,evaknin@gmail.com,21/01/2026,290,Standard Home Clean,Noa Peretz
Maya Segal,050-6583224,maya.segal@gmail.com,21/01/2026,270,Standard Home Clean,Noa Peretz
Yossi Raz,054-5453983,yossir@outlook.com,21/01/2026,280,Standard Home Clean,Avi Dahan
Yossi Biton,058-6961890,ybiton@outlook.com,21/01/2026,280,Airbnb Turnover,Yossi Amar
Elad Weiss,053-3874198,,21/01/2026,280,Airbnb Turnover,Shira Malka
Tom Golan,053-4929267,tomg@hotmail.com,21/01/2026,450,Carpet & Upholstery,Avi Dahan
Moran Weiss,058-2324596,,22/01/2026,290,Standard Home Clean,Shira Malka
Roni Bar,050-4362855,ronib@walla.co.il,22/01/2026,270,Standard Home Clean,Yossi Amar
Daniel Ziv,,,22/01/2026,260,Standard Home Clean,Yossi Amar
Moran Levi,054-9674950,moran.levi@outlook.com,22/01/2026,290,Standard Home Clean,Shira Malka
Moran Levi,054-9674950,moran.levi@outlook.com,22/01/2026,250,Balcony & Terrace,Yossi Amar
Jacob Friedman,052-1311388,jacob93@gmail.com,22/01/2026,260,Standard Home Clean,Avi Dahan
Oren Cohen,050-6515915,oren.cohen@outlook.com,22/01/2026,300,Standard Home Clean,Yossi Amar
Uri Hadad,050-9660366,uri.hadad@gmail.com,22/01/2026,300,Standard Home Clean,Yossi Amar
Nathan Katz,054-8842567,nathan.katz@walla.co.il,22/01/2026,310,Window Cleaning,Yossi Amar
Ayelet Azoulay,053-7725003,ayelet.azoulay@outlook.com,22/01/2026,540,Carpet & Upholstery,Shira Malka
Rachel Weiss,058-6840827,rweiss@outlook.com,23/01/2026,290,Standard Home Clean,Yossi Amar
David Cohen,053-9226312,dcohen@gmail.com,23/01/2026,270,Standard Home Clean,Noa Peretz
Maya Gabay,052-1960961,maya.gabay@walla.co.il,23/01/2026,300,Standard Home Clean,Yossi Amar
Maya Gabay,052-1960961,maya.gabay@walla.co.il,23/01/2026,250,Balcony & Terrace,Noa Peretz
Ran Ohana,,,23/01/2026,310,Airbnb Turnover,Noa Peretz
Olivia Katz,053-2425134,okatz@outlook.com,23/01/2026,590,Deep Clean,Yossi Amar
Chen Cohen,054-4364500,chenc@outlook.com,24/01/2026,260,Standard Home Clean,Noa Peretz
Lior Ohana,058-7466827,lior.ohana@gmail.com,24/01/2026,290,Standard Home Clean,Yossi Amar
Rachel Biton,,rachel21@walla.co.il,24/01/2026,270,Standard Home Clean,Noa Peretz
Ayelet Amar,053-7715781,ayelet.amar@gmail.com,24/01/2026,300,Standard Home Clean,Noa Peretz
Inbar Rosen,054-1158071,inbar.rosen@outlook.com,24/01/2026,290,Standard Home Clean,Shira Malka
Adi Elbaz,050-4795998,,24/01/2026,290,Standard Home Clean,Noa Peretz
Keren Azoulay,052-9169756,kazoulay@walla.co.il,24/01/2026,300,Standard Home Clean,Noa Peretz
Oren Segal,054-6841623,,24/01/2026,290,Standard Home Clean,Avi Dahan
Yonatan Shapiro,058-6728679,yonatan.shapiro@gmail.com,24/01/2026,340,Airbnb Turnover,Yossi Amar
Yarden Rosen,058-5962390,yarden.rosen@gmail.com,24/01/2026,620,Deep Clean,Avi Dahan
Neta Weiss,053-1029958,neta30@yahoo.com,24/01/2026,420,Kitchen Deep Clean,Yossi Amar
Gal Nachum,058-4328929,gal.nachum@gmail.com,24/01/2026,670,Deep Clean,Yossi Amar
Olivia Weiss,052-7637067,olivia.weiss@gmail.com,24/01/2026,340,Window Cleaning,Yossi Amar
Noa Ziv,050-7561712,nziv@hotmail.com,25/01/2026,260,Standard Home Clean,Shira Malka
Noa Ziv,050-7561712,nziv@hotmail.com,25/01/2026,370,Window Cleaning,Shira Malka
Merav Carmi,052-5002345,,25/01/2026,260,Standard Home Clean,Yossi Amar
Efrat Levi,053-9570305,efratl@hotmail.com,25/01/2026,1710,Post-Renovation Clean,Avi Dahan
Olivia Goldberg,052-5143029,olivia.goldberg@gmail.com,26/01/2026,260,Standard Home Clean,Yossi Amar
Lior Vaknin,058-5794561,lvaknin@hotmail.com,26/01/2026,250,Standard Home Clean,Yossi Amar
Rachel Halevi,052-5449172,rachelh@yahoo.com,26/01/2026,300,Standard Home Clean,Avi Dahan
Yossi Ben-David,054-8326784,yossi.bendavid@hotmail.com,26/01/2026,270,Standard Home Clean,Avi Dahan
Yossi Ben-David,054-8326784,yossi.bendavid@hotmail.com,26/01/2026,190,Fridge & Oven Add-on,Avi Dahan
Sophie Sharabi,052-7238224,ssharabi@walla.co.il,26/01/2026,420,Carpet & Upholstery,Noa Peretz
Sophie Mizrahi,053-3260310,sophiem@gmail.com,26/01/2026,640,Deep Clean,Yossi Amar
Eitan Malka,,eitan.malka@gmail.com,27/01/2026,330,Standard Home Clean,Noa Peretz
Yarden Gabay,,yarden.gabay@yahoo.com,27/01/2026,260,Standard Home Clean,Avi Dahan
Asaf Klein,053-3897513,asaf.klein@gmail.com,27/01/2026,290,Standard Home Clean,Noa Peretz
Hannah Stern,054-8170039,hannah.stern@outlook.com,27/01/2026,270,Standard Home Clean,Avi Dahan
Keren Sharabi,053-9048156,keren.sharabi@hotmail.com,27/01/2026,250,Standard Home Clean,Noa Peretz
Jacob Raz,050-9343689,jacobr@gmail.com,27/01/2026,310,Standard Home Clean,Shira Malka
Shira Levi,058-5938134,shira.levi@walla.co.il,27/01/2026,330,Airbnb Turnover,Avi Dahan
Rachel Oz,052-6048568,rachel77@hotmail.com,27/01/2026,470,Carpet & Upholstery,Shira Malka
Keren Shapiro,052-4985596,,28/01/2026,290,Standard Home Clean,Noa Peretz
Moran Bar,052-9360671,moranb@gmail.com,28/01/2026,310,Standard Home Clean,Noa Peretz
Hannah Sharabi,052-4666284,hannah.sharabi@outlook.com,28/01/2026,280,Standard Home Clean,Shira Malka
Ran Klein,058-9969130,ran91@yahoo.com,28/01/2026,300,Airbnb Turnover,Shira Malka
Yossi Biton,058-6961890,ybiton@outlook.com,28/01/2026,310,Airbnb Turnover,Noa Peretz
Daniel Cohen,053-1661936,danielc@hotmail.com,28/01/2026,200,Standard Home Clean,Shira Malka
Neta Raz,050-7703783,neta.raz@hotmail.com,28/01/2026,390,Kitchen Deep Clean,Shira Malka
Yarden Ohana,052-3352714,yarden.ohana@walla.co.il,28/01/2026,390,Window Cleaning,Noa Peretz
Gal Rosen,052-1238293,galr@hotmail.com,28/01/2026,2120,Post-Renovation Clean,Noa Peretz
Elad Weiss,053-3874198,,29/01/2026,340,Airbnb Turnover,Shira Malka
Itai Klein,,,29/01/2026,290,Airbnb Turnover,Avi Dahan
Tamar Oz,052-1194705,tamar50@gmail.com,29/01/2026,310,Airbnb Turnover,Noa Peretz
Matan Navon,053-1190736,matan.navon@outlook.com,29/01/2026,530,Carpet & Upholstery,Avi Dahan
Keren Ziv,058-1158605,keren.ziv@yahoo.com,30/01/2026,230,Standard Home Clean,Yossi Amar
Liat Ashkenazi,052-4112534,liata@walla.co.il,30/01/2026,660,Deep Clean,Avi Dahan
Lior Ohana,058-7466827,lior.ohana@gmail.com,31/01/2026,290,Standard Home Clean,Shira Malka
Rachel Vaknin,054-8466086,rachel61@hotmail.com,31/01/2026,240,Standard Home Clean,Yossi Amar
Rachel Gabay,058-6790012,rachel.gabay@gmail.com,31/01/2026,300,Standard Home Clean,Shira Malka
Hila Avraham,053-2872006,hila.avraham@gmail.com,31/01/2026,270,Standard Home Clean,Noa Peretz
Hila Avraham,053-2872006,hila.avraham@gmail.com,31/01/2026,630,Deep Clean,Avi Dahan
Neta Sasson,054-7140209,neta59@outlook.com,31/01/2026,300,Standard Home Clean,Avi Dahan
Orit Golan,050-3390604,,31/01/2026,360,Airbnb Turnover,Avi Dahan
Jacob Ziv,050-1012923,jziv@hotmail.com,31/01/2026,330,Window Cleaning,Yossi Amar
Oren Dahan,050-9994877,,31/01/2026,640,Deep Clean,Noa Peretz
Moran Weiss,058-2324596,,01/02/2026,300,Standard Home Clean,Noa Peretz
Orit Goldberg (Bluefin Insurance),052-5042455,office@bluefininsurance.co.il,01/02/2026,2500,Monthly Office Contract,Yossi Amar
Ariel Elbaz (Shuk Coffee Roasters),058-8270836,office@shukcoffeeroasters.co.il,01/02/2026,2450,Monthly Office Contract,Shira Malka
Daniel Katz (Yafo Yoga Loft),050-8600351,office@yafoyogaloft.co.il,01/02/2026,2260,Monthly Office Contract,Yossi Amar
Tom Golan,053-4929267,tomg@hotmail.com,21/01/2026,450,Carpet & Upholstery,Avi Dahan
Yossi Barak (Mint Coworking),053-3173331,office@mintcoworking.co.il,01/02/2026,2240,Monthly Office Contract,Noa Peretz
Yonatan Peretz (Pixel & Co.),053-6468834,office@pixelco.co.il,01/02/2026,2460,Monthly Office Contract,Shira Malka
Tamar Shapiro (Arlozorov Pilates),058-2562002,office@arlozorovpilates.co.il,01/02/2026,2500,Monthly Office Contract,Avi Dahan
Ben Malka (Bialik Design House),058-9166461,office@bialikdesignhouse.co.il,01/02/2026,2240,Monthly Office Contract,Noa Peretz
Rachel Golan,052-2139352,rgolan@gmail.com,01/02/2026,520,Carpet & Upholstery,Avi Dahan
David Cohen,053-9226312,dcohen@gmail.com,02/02/2026,260,Standard Home Clean,Avi Dahan
Nadav Halevi,053-1809663,nhalevi@gmail.com,02/02/2026,270,Standard Home Clean,Yossi Amar
Roni Sasson,054-3452812,,02/02/2026,250,Standard Home Clean,Noa Peretz
Roni Sasson,054-3452812,,02/02/2026,180,Fridge & Oven Add-on,Yossi Amar
Amit Vaknin,053-6177934,amit.vaknin@outlook.com,02/02/2026,320,Standard Home Clean,Noa Peretz
Eitan Weiss (Tel Aviv Dental Clinic),052-9052527,office@telavivdentalclinic.co.il,02/02/2026,2490,Monthly Office Contract,Yossi Amar
Hannah Hadad (Lev Pediatrics),054-6496368,office@levpediatrics.co.il,02/02/2026,2610,Monthly Office Contract,Yossi Amar
Ariel Klein,050-9567426,ariel90@gmail.com,03/02/2026,290,Standard Home Clean,Avi Dahan
Orit Raz,053-9889801,orit84@hotmail.com,03/02/2026,260,Standard Home Clean,Shira Malka
Keren Goldberg,054-4944862,kgoldberg@yahoo.com,03/02/2026,290,Standard Home Clean,Noa Peretz
David Bar (Ramat Gan Physio),052-1173038,office@ramatganphysio.co.il,03/02/2026,2600,Monthly Office Contract,Shira Malka
Orit Barak (Kiryat Labs),058-1534245,office@kiryatlabs.co.il,03/02/2026,1990,Monthly Office Contract,Yossi Amar
Merav Gabay (Oak Tree Kindergarten),058-8725429,office@oaktreekindergarten.co.il,03/02/2026,2070,Monthly Office Contract,Yossi Amar
Ran Raz,054-5499748,ran68@walla.co.il,03/02/2026,430,Carpet & Upholstery,Avi Dahan
Noa Goldberg,,ngoldberg@gmail.com,03/02/2026,650,Deep Clean,Yossi Amar
Roni Bar,050-4362855,ronib@walla.co.il,04/02/2026,240,Standard Home Clean,Noa Peretz
Adi Elbaz,050-4795998,,04/02/2026,260,Standard Home Clean,Noa Peretz
Asaf Raz,058-2452542,asaf.raz@gmail.com,04/02/2026,340,Airbnb Turnover,Avi Dahan
Itai Klein,,,04/02/2026,310,Airbnb Turnover,Noa Peretz
Ran Ohana,,,04/02/2026,340,Airbnb Turnover,Avi Dahan
Inbar Weiss (Nordau Optics),052-8051920,office@nordauoptics.co.il,04/02/2026,2480,Monthly Office Contract,Avi Dahan
Alon Carmi,053-4030203,alon.carmi@gmail.com,04/02/2026,640,Deep Clean,Avi Dahan
Tamar Amar,050-8550259,tamara@hotmail.com,04/02/2026,340,Window Cleaning,Noa Peretz
Rachel Weiss,058-6840827,rweiss@outlook.com,05/02/2026,260,Standard Home Clean,Yossi Amar
Rachel Weiss,058-6840827,rweiss@outlook.com,05/02/2026,270,Balcony & Terrace,Noa Peretz
Jacob Friedman,052-1311388,jacob93@gmail.com,05/02/2026,310,Standard Home Clean,Noa Peretz
Alon Levi,,,05/02/2026,280,Standard Home Clean,Yossi Amar
Yonatan Friedman,052-8814949,yonatan.friedman@hotmail.com,05/02/2026,250,Standard Home Clean,Avi Dahan
Yonatan Shapiro,058-6728679,yonatan.shapiro@gmail.com,05/02/2026,320,Airbnb Turnover,Shira Malka
Tom Raz (Studio Orbit),,office@studioorbit.co.il,05/02/2026,2340,Monthly Office Contract,Noa Peretz
Tamar Hadad (Gordon Accounting),052-3937855,office@gordonaccounting.co.il,05/02/2026,2420,Monthly Office Contract,Noa Peretz
Yonatan Peretz (Pixel & Co.),053-6468834,office@pixelco.co.il,05/02/2026,310,Window Cleaning,Shira Malka
Chen Cohen,054-4364500,chenc@outlook.com,06/02/2026,250,Standard Home Clean,Yossi Amar
Rachel Biton,,rachel21@walla.co.il,06/02/2026,320,Standard Home Clean,Shira Malka
Daniel Ziv,,,06/02/2026,280,Standard Home Clean,Noa Peretz
Oren Stern,058-1826072,oren.stern@hotmail.com,06/02/2026,310,Standard Home Clean,Avi Dahan
Oren Stern,058-1826072,oren.stern@hotmail.com,06/02/2026,280,Balcony & Terrace,Shira Malka
Tamar Oz,052-1194705,tamar50@gmail.com,06/02/2026,320,Airbnb Turnover,Shira Malka
Moran Ohana,053-1443862,morano@hotmail.com,06/02/2026,710,Deep Clean,Yossi Amar
Moran Levi,054-9674950,moran.levi@outlook.com,07/02/2026,290,Standard Home Clean,Shira Malka
Moran Levi,054-9674950,moran.levi@outlook.com,07/02/2026,310,Window Cleaning,Noa Peretz
Shira Levi,058-5938134,shira.levi@walla.co.il,07/02/2026,310,Airbnb Turnover,Yossi Amar
Ariel Stern,052-3613601,ariel80@walla.co.il,07/02/2026,650,Deep Clean,Shira Malka
Shai Stern,054-9041032,shai.stern@gmail.com,07/02/2026,400,Window Cleaning,Shira Malka
Keren Shapiro,052-4985596,,08/02/2026,300,Standard Home Clean,Shira Malka
Inbar Rosen,054-1158071,inbar.rosen@outlook.com,08/02/2026,320,Standard Home Clean,Yossi Amar
Omer Levi,053-7612344,omer64@walla.co.il,08/02/2026,310,Standard Home Clean,Noa Peretz
Matan Malka,,matanm@gmail.com,08/02/2026,330,Standard Home Clean,Avi Dahan
Guy Goldberg,,guy.goldberg@gmail.com,08/02/2026,250,Standard Home Clean,Avi Dahan
Olivia Amar,,oamar@yahoo.com,08/02/2026,290,Standard Home Clean,Yossi Amar
Olivia Amar,,oamar@yahoo.com,08/02/2026,340,Window Cleaning,Avi Dahan
Ran Klein,058-9969130,ran91@yahoo.com,08/02/2026,330,Airbnb Turnover,Yossi Amar
Dana Bar,052-3189782,danab@outlook.com,08/02/2026,310,Airbnb Turnover,Noa Peretz
Avi Ohana,050-3919204,avi.ohana@gmail.com,08/02/2026,460,Carpet & Upholstery,Yossi Amar
Sarah Sharabi,053-9949611,sarah.sharabi@outlook.com,08/02/2026,340,Window Cleaning,Shira Malka
Matan Peretz,053-6300542,matan.peretz@yahoo.com,09/02/2026,270,Standard Home Clean,Yossi Amar
Eitan Malka,,eitan.malka@gmail.com,09/02/2026,320,Standard Home Clean,Shira Malka
Keren Amar,054-3210743,keren56@outlook.com,09/02/2026,270,Standard Home Clean,Shira Malka
Keren Amar,054-3210743,keren56@outlook.com,09/02/2026,360,Kitchen Deep Clean,Shira Malka
Asaf Bar,053-4554079,asafb@gmail.com,09/02/2026,330,Window Cleaning,Noa Peretz
Orit Navon,054-3638438,,09/02/2026,1990,Post-Renovation Clean,Noa Peretz
Ido Katz,058-3280118,ido.katz@gmail.com,09/02/2026,730,Deep Clean,Noa Peretz
,052-9360671,moranb@gmail.com,10/02/2026,270,Standard Home Clean,Avi Dahan
Roni Raz,050-3181261,ronir@outlook.com,10/02/2026,230,Standard Home Clean,Avi Dahan
Alon Amar,050-5289482,aamar@outlook.com,10/02/2026,320,Standard Home Clean,Yossi Amar
Yossi Biton,058-6961890,ybiton@outlook.com,10/02/2026,340,Airbnb Turnover,Noa Peretz
Elad Weiss,053-3874198,,10/02/2026,330,Airbnb Turnover,Avi Dahan
Yonatan Peretz (Pixel & Co.),053-6468834,office@pixelco.co.il,10/02/2026,930,Office Cleaning,Shira Malka
Dana Azoulay,058-7253082,dana80@gmail.com,11/02/2026,320,Standard Home Clean,Noa Peretz
Dana Azoulay,058-7253082,dana80@gmail.com,11/02/2026,710,Deep Clean,Yossi Amar
Yonatan Shapiro,058-6728679,yonatan.shapiro@gmail.com,11/02/2026,320,Airbnb Turnover,Yossi Amar
Moran Weiss,058-2324596,,12/02/2026,270,Standard Home Clean,Noa Peretz
Moran Weiss,058-2324596,,12/02/2026,140,Fridge & Oven Add-on,Shira Malka
Lior Ohana,058-7466827,lior.ohana@gmail.com,12/02/2026,260,Standard Home Clean,Avi Dahan
Ayelet Amar,053-7715781,ayelet.amar@gmail.com,12/02/2026,300,Standard Home Clean,Yossi Amar
Maya Gabay,052-1960961,maya.gabay@walla.co.il,12/02/2026,270,Standard Home Clean,Avi Dahan
Yossi Hadad,058-1991785,yossi85@outlook.com,12/02/2026,260,Standard Home Clean,Avi Dahan
David Cohen,053-9226312,dcohen@gmail.com,13/02/2026,260,Standard Home Clean,Yossi Amar
Shira Goldberg,052-5004231,shirag@yahoo.com,13/02/2026,300,Standard Home Clean,Noa Peretz
Itai Klein,,,13/02/2026,270,Airbnb Turnover,Shira Malka
Yossi Barak (Mint Coworking),053-3173331,office@mintcoworking.co.il,13/02/2026,950,Office Cleaning,Shira Malka
Ido Bar,058-1488506,idob@gmail.com,13/02/2026,330,Window Cleaning,Avi Dahan
Ariel Shapiro,052-9587380,ariels@outlook.com,13/02/2026,320,Window Cleaning,Yossi Amar
Nathan Malka,054-9069640,nathan84@gmail.com,13/02/2026,360,Window Cleaning,Avi Dahan
Tamar Avraham,052-9533102,tamar.avraham@gmail.com,13/02/2026,430,Carpet & Upholstery,Yossi Amar
Orit Shapiro,058-2980861,orit.shapiro@walla.co.il,13/02/2026,340,Window Cleaning,Avi Dahan
Avi Elbaz,058-7725313,aelbaz@gmail.com,13/02/2026,1780,Post-Renovation Clean,Yossi Amar
Orit Golan,050-3390604,,14/02/2026,320,Airbnb Turnover,Yossi Amar
Noa Ziv,050-7561712,nziv@hotmail.com,15/02/2026,300,Standard Home Clean,Noa Peretz
Amit Biton,058-2077568,abiton@walla.co.il,15/02/2026,320,Standard Home Clean,Yossi Amar
Keren Azoulay,052-9169756,kazoulay@walla.co.il,15/02/2026,320,Standard Home Clean,Noa Peretz
Ariel Klein,050-9567426,ariel90@gmail.com,03/02/2026,290,Standard Home Clean,Avi Dahan
Ido Halevi,053-5605743,ido.halevi@outlook.com,15/02/2026,310,Standard Home Clean,Noa Peretz
Dana Bar,052-3189782,danab@outlook.com,15/02/2026,330,Airbnb Turnover,Noa Peretz
Nadav Halevi,053-1809663,nhalevi@gmail.com,16/02/2026,290,Standard Home Clean,Shira Malka
Rachel Vaknin,054-8466086,rachel61@hotmail.com,16/02/2026,280,Standard Home Clean,Avi Dahan
Adi Elbaz,050-4795998,,16/02/2026,310,Standard Home Clean,Yossi Amar
Adi Elbaz,050-4795998,,16/02/2026,350,Window Cleaning,Noa Peretz
Dana Oz,052-5323255,,16/02/2026,260,Standard Home Clean,Shira Malka
Dana Oz,052-5323255,,16/02/2026,370,Window Cleaning,Yossi Amar
Ido Goldberg,052-5253682,igoldberg@gmail.com,16/02/2026,290,Standard Home Clean,Noa Peretz
Yarden Vaknin,058-4852494,yarden.vaknin@walla.co.il,16/02/2026,410,Kitchen Deep Clean,Shira Malka
Merav Peretz,054-8724228,mperetz@outlook.com,16/02/2026,360,Window Cleaning,Noa Peretz
Efrat Ohana,050-6793291,efrat33@outlook.com,16/02/2026,1100,Move-in / Move-out Clean,Noa Peretz
Jacob Friedman,052-1311388,jacob93@gmail.com,17/02/2026,260,Standard Home Clean,Shira Malka
Itai Halevi,054-6436839,,17/02/2026,260,Standard Home Clean,Noa Peretz
Lior Mizrahi,053-4909415,,17/02/2026,300,Standard Home Clean,Shira Malka
Asaf Raz,058-2452542,asaf.raz@gmail.com,17/02/2026,310,Airbnb Turnover,Shira Malka
Keren Mizrahi,050-3553689,,17/02/2026,370,Kitchen Deep Clean,Avi Dahan
Emily Shapiro,054-2496463,emilys@walla.co.il,17/02/2026,680,Deep Clean,Noa Peretz
Michal Carmi,052-3319211,michal.carmi@outlook.com,18/02/2026,300,Standard Home Clean,Yossi Amar
Michal Carmi,052-3319211,michal.carmi@outlook.com,18/02/2026,270,Balcony & Terrace,Shira Malka
Hannah Sharabi,052-4666284,hannah.sharabi@outlook.com,18/02/2026,250,Standard Home Clean,Shira Malka
Roni Ben-David,053-7602836,ronib@hotmail.com,18/02/2026,230,Standard Home Clean,Shira Malka
Nathan Oz,058-1548413,nathan64@yahoo.com,18/02/2026,280,Standard Home Clean,Shira Malka
Hannah Ohana,053-1799533,hannaho@gmail.com,18/02/2026,290,Standard Home Clean,Shira Malka
Sophie Weiss,050-4744601,sophie59@walla.co.il,18/02/2026,440,Carpet & Upholstery,Yossi Amar
Emily Carmi,054-5529933,emily.carmi@yahoo.com,18/02/2026,440,Carpet & Upholstery,Noa Peretz
Chen Cohen,054-4364500,chenc@outlook.com,19/02/2026,290,Standard Home Clean,Shira Malka
Elad Weiss,053-3874198,,19/02/2026,330,Airbnb Turnover,Noa Peretz
Moran Sasson,053-9018578,moran15@walla.co.il,19/02/2026,270,Standard Home Clean,Avi Dahan
Lior Ohana,058-7466827,lior.ohana@gmail.com,20/02/2026,250,Standard Home Clean,Yossi Amar
Rachel Weiss,058-6840827,rweiss@outlook.com,20/02/2026,290,Standard Home Clean,Shira Malka
Rachel Weiss,058-6840827,rweiss@outlook.com,20/02/2026,240,Balcony & Terrace,Avi Dahan
Rachel Biton,,rachel21@walla.co.il,20/02/2026,260,Standard Home Clean,Yossi Amar
Rachel Peretz,053-7305786,rachel.peretz@hotmail.com,20/02/2026,320,Standard Home Clean,Noa Peretz
Eitan Bar,058-3632523,ebar@walla.co.il,20/02/2026,290,Standard Home Clean,Shira Malka
Rachel Halevi,052-5449172,rachelh@yahoo.com,20/02/2026,270,Standard Home Clean,Yossi Amar
Oren Cohen,050-6515915,oren.cohen@outlook.com,20/02/2026,290,Standard Home Clean,Avi Dahan
Inbar Levi,054-2791042,ilevi@gmail.com,20/02/2026,260,Standard Home Clean,Yossi Amar
Yonatan Shapiro,058-6728679,yonatan.shapiro@gmail.com,20/02/2026,320,Airbnb Turnover,Noa Peretz
Keren Shapiro,052-4985596,,21/02/2026,260,Standard Home Clean,Noa Peretz
Matan Peretz,053-6300542,matan.peretz@yahoo.com,21/02/2026,300,Standard Home Clean,Avi Dahan
Matan Peretz,053-6300542,matan.peretz@yahoo.com,21/02/2026,170,Fridge & Oven Add-on,Shira Malka
Roni Bar,050-4362855,ronib@walla.co.il,21/02/2026,320,Standard Home Clean,Shira Malka
Daniel Ziv,,,21/02/2026,270,Standard Home Clean,Noa Peretz
Roni Nachum,058-8018473,rnachum@hotmail.com,21/02/2026,300,Standard Home Clean,Shira Malka
Hannah Shapiro,054-9657965,hannah43@outlook.com,21/02/2026,250,Standard Home Clean,Shira Malka
Ran Klein,058-9969130,ran91@yahoo.com,21/02/2026,350,Airbnb Turnover,Yossi Amar
Itai Klein,,,21/02/2026,280,Airbnb Turnover,Yossi Amar
Dana Bar,052-3189782,danab@outlook.com,21/02/2026,350,Airbnb Turnover,Avi Dahan
Shira Levi,058-5938134,shira.levi@walla.co.il,21/02/2026,370,Airbnb Turnover,Avi Dahan
David Ohana,053-4197981,davido@yahoo.com,21/02/2026,290,Standard Home Clean,Yossi Amar
Efrat Sharabi,053-3627778,efrats@hotmail.com,21/02/2026,360,Kitchen Deep Clean,Shira Malka
Noa Carmi,050-6877187,ncarmi@gmail.com,21/02/2026,760,Deep Clean,Shira Malka
Oren Segal,054-6841623,,22/02/2026,260,Standard Home Clean,Avi Dahan
Eitan Malka,,eitan.malka@gmail.com,23/02/2026,270,Standard Home Clean,Yossi Amar
Eitan Malka,,eitan.malka@gmail.com,23/02/2026,220,Balcony & Terrace,Noa Peretz
Oren Stern,058-1826072,oren.stern@hotmail.com,23/02/2026,290,Standard Home Clean,Yossi Amar
Ethan Bar,058-7289328,ebar@outlook.com,23/02/2026,230,Standard Home Clean,Yossi Amar
Maya Segal,050-6583224,maya.segal@gmail.com,23/02/2026,310,Standard Home Clean,Shira Malka
Yossi Raz,054-5453983,yossir@outlook.com,23/02/2026,270,Standard Home Clean,Noa Peretz
Yossi Raz,054-5453983,yossir@outlook.com,23/02/2026,630,Deep Clean,Avi Dahan
Asaf Raz,058-2452542,asaf.raz@gmail.com,23/02/2026,330,Airbnb Turnover,Shira Malka
Orit Barak (Kiryat Labs),058-1534245,office@kiryatlabs.co.il,23/02/2026,890,Office Cleaning,Noa Peretz
Moran Weiss,058-2324596,,24/02/2026,250,Standard Home Clean,Avi Dahan
Moran Weiss,058-2324596,,24/02/2026,340,Window Cleaning,Avi Dahan
David Cohen,053-9226312,dcohen@gmail.com,24/02/2026,280,Standard Home Clean,Noa Peretz
David Cohen,053-9226312,dcohen@gmail.com,24/02/2026,260,Balcony & Terrace,Yossi Amar
Inbar Rosen,054-1158071,inbar.rosen@outlook.com,24/02/2026,280,Standard Home Clean,Avi Dahan
Avi Barak,054-1526916,avi.barak@walla.co.il,24/02/2026,330,Standard Home Clean,Noa Peretz
Asaf Klein,053-3897513,asaf.klein@gmail.com,24/02/2026,280,Standard Home Clean,Noa Peretz
Merav Carmi,052-5002345,,24/02/2026,260,Standard Home Clean,Noa Peretz
Tamar Oz,052-1194705,tamar50@gmail.com,24/02/2026,320,Airbnb Turnover,Shira Malka
Moran Bar,052-9360671,moranb@gmail.com,25/02/2026,260,Standard Home Clean,Noa Peretz
Lior Vaknin,058-5794561,lvaknin@hotmail.com,25/02/2026,280,Standard Home Clean,Noa Peretz
Keren Goldberg,054-4944862,kgoldberg@yahoo.com,25/02/2026,270,Standard Home Clean,Avi Dahan
Keren Sharabi,053-9048156,keren.sharabi@hotmail.com,26/02/2026,260,Standard Home Clean,Shira Malka
Keren Sharabi,053-9048156,keren.sharabi@hotmail.com,26/02/2026,370,Kitchen Deep Clean,Avi Dahan
Hila Avraham,053-2872006,hila.avraham@gmail.com,26/02/2026,280,Standard Home Clean,Avi Dahan
Elad Weiss,053-3874198,,26/02/2026,320,Airbnb Turnover,Shira Malka
Yonatan Shapiro,058-6728679,yonatan.shapiro@gmail.com,26/02/2026,300,Airbnb Turnover,Yossi Amar
Omer Tal,050-5671517,omert@yahoo.com,26/02/2026,710,Deep Clean,Avi Dahan
Moran Levi,054-9674950,moran.levi@outlook.com,27/02/2026,280,Standard Home Clean,Avi Dahan
Maya Gabay,052-1960961,maya.gabay@walla.co.il,27/02/2026,320,Standard Home Clean,Shira Malka
Olivia Goldberg,052-5143029,olivia.goldberg@gmail.com,27/02/2026,280,Standard Home Clean,Noa Peretz
Hannah Stern,054-8170039,hannah.stern@outlook.com,27/02/2026,290,Standard Home Clean,Shira Malka
Guy Halevi,054-5045837,guy.halevi@outlook.com,27/02/2026,310,Standard Home Clean,Shira Malka
Ben Weiss,058-7653877,,27/02/2026,660,Deep Clean,Avi Dahan
Rachel Nachum,053-7031816,rnachum@outlook.com,27/02/2026,270,Standard Home Clean,Yossi Amar
Ayelet Amar,053-7715781,ayelet.amar@gmail.com,28/02/2026,270,Standard Home Clean,Shira Malka
Ido Gabay,058-1045209,ido54@outlook.com,28/02/2026,620,Deep Clean,Noa Peretz
Yarden Gabay,,yarden.gabay@yahoo.com,01/03/2026,270,Standard Home Clean,Shira Malka
Omer Levi,053-7612344,omer64@walla.co.il,01/03/2026,300,Standard Home Clean,Yossi Amar
Orit Goldberg (Bluefin Insurance),052-5042455,office@bluefininsurance.co.il,01/03/2026,2360,Monthly Office Contract,Noa Peretz
Ariel Elbaz (Shuk Coffee Roasters),058-8270836,office@shukcoffeeroasters.co.il,01/03/2026,2110,Monthly Office Contract,Shira Malka
Ido Stern (Neve Tzedek Architects),053-2966902,office@nevetzedekarchitects.co.il,01/03/2026,2260,Monthly Office Contract,Avi Dahan
Daniel Katz (Yafo Yoga Loft),050-8600351,office@yafoyogaloft.co.il,01/03/2026,2340,Monthly Office Contract,Yossi Amar
Adi Elbaz,050-4795998,,16/02/2026,350,Window Cleaning,Noa Peretz
Yossi Barak (Mint Coworking),053-3173331,office@mintcoworking.co.il,01/03/2026,2520,Monthly Office Contract,Yossi Amar
Yonatan Peretz (Pixel & Co.),053-6468834,office@pixelco.co.il,01/03/2026,2190,Monthly Office Contract,Shira Malka
Tamar Shapiro (Arlozorov Pilates),058-2562002,office@arlozorovpilates.co.il,01/03/2026,2840,Monthly Office Contract,Avi Dahan
Ben Malka (Bialik Design House),058-9166461,office@bialikdesignhouse.co.il,01/03/2026,2530,Monthly Office Contract,Noa Peretz
Efrat Weiss,058-3712535,eweiss@gmail.com,01/03/2026,300,Standard Home Clean,Noa Peretz
Lior Ohana,058-7466827,lior.ohana@gmail.com,02/03/2026,310,Standard Home Clean,Shira Malka
Michal Carmi,052-3319211,michal.carmi@outlook.com,02/03/2026,280,Standard Home Clean,Avi Dahan
Nadav Halevi,053-1809663,nhalevi@gmail.com,02/03/2026,300,Standard Home Clean,Shira Malka
Jacob Friedman,052-1311388,jacob93@gmail.com,02/03/2026,270,Standard Home Clean,Avi Dahan
Adi Elbaz,050-4795998,,02/03/2026,300,Standard Home Clean,Yossi Amar
Alon Levi,,,02/03/2026,280,Standard Home Clean,Noa Peretz
Amit Vaknin,053-6177934,amit.vaknin@outlook.com,02/03/2026,280,Standard Home Clean,Shira Malka
Jacob Raz,050-9343689,jacobr@gmail.com,02/03/2026,320,Standard Home Clean,Shira Malka
Asaf Raz,058-2452542,asaf.raz@gmail.com,02/03/2026,290,Airbnb Turnover,Yossi Amar
Yossi Biton,058-6961890,ybiton@outlook.com,02/03/2026,330,Airbnb Turnover,Noa Peretz
Itai Klein,,,02/03/2026,300,Airbnb Turnover,Yossi Amar
Eitan Weiss (Tel Aviv Dental Clinic),052-9052527,office@telavivdentalclinic.co.il,02/03/2026,2360,Monthly Office Contract,Shira Malka
Hannah Hadad (Lev Pediatrics),054-6496368,office@levpediatrics.co.il,02/03/2026,2420,Monthly Office Contract,Yossi Amar
Matan Peretz,053-6300542,matan.peretz@yahoo.com,03/03/2026,290,Standard Home Clean,Yossi Amar
Rachel Weiss,058-6840827,rweiss@outlook.com,03/03/2026,320,Standard Home Clean,Avi Dahan
Rachel Vaknin,054-8466086,rachel61@hotmail.com,03/03/2026,270,Standard Home Clean,Shira Malka
Rachel Gabay,058-6790012,rachel.gabay@gmail.com,03/03/2026,260,Standard Home Clean,Noa Peretz
Rachel Gabay,058-6790012,rachel.gabay@gmail.com,03/03/2026,610,Deep Clean,Avi Dahan
Yonatan Friedman,052-8814949,yonatan.friedman@hotmail.com,03/03/2026,290,Standard Home Clean,Avi Dahan
Yossi Ben-David,054-8326784,yossi.bendavid@hotmail.com,03/03/2026,320,Standard Home Clean,Avi Dahan
Yossi Ben-David,054-8326784,yossi.bendavid@hotmail.com,03/03/2026,550,Deep Clean,Yossi Amar
Ran Klein,058-9969130,ran91@yahoo.com,03/03/2026,340,Airbnb Turnover,Avi Dahan
David Bar (Ramat Gan Physio),052-1173038,office@ramatganphysio.co.il,03/03/2026,2450,Monthly Office Contract,Yossi Amar
Orit Barak (Kiryat Labs),058-1534245,office@kiryatlabs.co.il,03/03/2026,2530,Monthly Office Contract,Yossi Amar
Uri Sharabi (Carmel Real Estate),052-5016247,office@carmelrealestate.co.il,03/03/2026,2340,Monthly Office Contract,Noa Peretz
Merav Gabay (Oak Tree Kindergarten),058-8725429,office@oaktreekindergarten.co.il,03/03/2026,2740,Monthly Office Contract,Noa Peretz
Ran Ohana,,,04/03/2026,300,Airbnb Turnover,Noa Peretz
Shira Levi,058-5938134,shira.levi@walla.co.il,04/03/2026,340,Airbnb Turnover,Yossi Amar
Inbar Weiss (Nordau Optics),052-8051920,office@nordauoptics.co.il,04/03/2026,2150,Monthly Office Contract,Noa Peretz
Matan Nachum (Sela Logistics),054-7011056,office@selalogistics.co.il,04/03/2026,2590,Monthly Office Contract,Avi Dahan
Rachel Biton,,rachel21@walla.co.il,05/03/2026,320,Standard Home Clean,Avi Dahan
Dana Bar,052-3189782,danab@outlook.com,05/03/2026,340,Airbnb Turnover,Yossi Amar
Tom Raz (Studio Orbit),,office@studioorbit.co.il,05/03/2026,2330,Monthly Office Contract,Shira Malka
Tamar Hadad (Gordon Accounting),052-3937855,office@gordonaccounting.co.il,05/03/2026,2410,Monthly Office Contract,Shira Malka
Chen Cohen,054-4364500,chenc@outlook.com,06/03/2026,280,Standard Home Clean,Noa Peretz
Roni Sasson,054-3452812,,06/03/2026,280,Standard Home Clean,Shira Malka
Roni Sasson,054-3452812,,06/03/2026,380,Kitchen Deep Clean,Noa Peretz
Ariel Klein,050-9567426,ariel90@gmail.com,06/03/2026,280,Standard Home Clean,Noa Peretz
Keren Ashkenazi,053-6753266,,06/03/2026,450,Kitchen Deep Clean,Avi Dahan
Inbar Katz,054-9569998,inbar.katz@gmail.com,07/03/2026,350,Standard Home Clean,Shira Malka
Ran Ziv,050-1813522,ran.ziv@yahoo.com,07/03/2026,610,Deep Clean,Noa Peretz
Inbar Rosen,054-1158071,inbar.rosen@outlook.com,08/03/2026,280,Standard Home Clean,Avi Dahan
Inbar Rosen,054-1158071,inbar.rosen@outlook.com,08/03/2026,240,Balcony & Terrace,Avi Dahan
Neta Sasson,054-7140209,neta59@outlook.com,08/03/2026,280,Standard Home Clean,Noa Peretz
Elad Weiss,053-3874198,,08/03/2026,310,Airbnb Turnover,Yossi Amar
Orit Golan,050-3390604,,08/03/2026,320,Airbnb Turnover,Avi Dahan
Yonatan Shapiro,058-6728679,yonatan.shapiro@gmail.com,08/03/2026,290,Airbnb Turnover,Yossi Amar
Shira Azoulay,054-7962769,sazoulay@yahoo.com,08/03/2026,550,Deep Clean,Yossi Amar
Keren Shapiro,052-4985596,,09/03/2026,230,Standard Home Clean,Noa Peretz
Moran Weiss,058-2324596,,09/03/2026,250,Standard Home Clean,Avi Dahan
Roni Bar,050-4362855,ronib@walla.co.il,09/03/2026,270,Standard Home Clean,Yossi Amar
Roni Bar,050-4362855,ronib@walla.co.il,09/03/2026,160,Fridge & Oven Add-on,Yossi Amar
Avi Barak,054-1526916,avi.barak@walla.co.il,09/03/2026,250,Standard Home Clean,Shira Malka
Keren Azoulay,052-9169756,kazoulay@walla.co.il,09/03/2026,270,Standard Home Clean,Yossi Amar
Keren Amar,054-3210743,keren56@outlook.com,09/03/2026,230,Standard Home Clean,Avi Dahan
Keren Amar,054-3210743,keren56@outlook.com,09/03/2026,280,Window Cleaning,Noa Peretz
Ran Klein,058-9969130,ran91@yahoo.com,09/03/2026,310,Airbnb Turnover,Avi Dahan
Tamar Oz,052-1194705,tamar50@gmail.com,09/03/2026,360,Airbnb Turnover,Avi Dahan
Eitan Malka,,eitan.malka@gmail.com,10/03/2026,250,Standard Home Clean,Avi Dahan
Asaf Raz,058-2452542,asaf.raz@gmail.com,10/03/2026,360,Airbnb Turnover,Noa Peretz
Ran Ohana,,,10/03/2026,330,Airbnb Turnover,Yossi Amar
Hannah Hadad (Lev Pediatrics),054-6496368,office@levpediatrics.co.il,10/03/2026,930,Office Cleaning,Noa Peretz
Merav Raz,,merav.raz@walla.co.il,10/03/2026,400,Kitchen Deep Clean,Avi Dahan
Olivia Elbaz,058-8698710,olivia.elbaz@gmail.com,10/03/2026,360,Window Cleaning,Noa Peretz
Efrat Amar,053-7891480,efrat.amar@gmail.com,10/03/2026,1080,Move-in / Move-out Clean,Shira Malka
Liat Sharabi,058-7283144,liat.sharabi@gmail.com,10/03/2026,1070,Move-in / Move-out Clean,Avi Dahan
Ayelet Shapiro,,ashapiro@gmail.com,10/03/2026,1340,Move-in / Move-out Clean,Shira Malka
David Cohen,053-9226312,dcohen@gmail.com,11/03/2026,290,Standard Home Clean,Shira Malka
Daniel Ziv,,,11/03/2026,300,Standard Home Clean,Avi Dahan
Daniel Ziv,,,11/03/2026,250,Balcony & Terrace,Noa Peretz
Moran Bar,052-9360671,moranb@gmail.com,11/03/2026,320,Standard Home Clean,Shira Malka
Oren Stern,058-1826072,oren.stern@hotmail.com,11/03/2026,300,Standard Home Clean,Noa Peretz
Keren Ziv,058-1158605,keren.ziv@yahoo.com,11/03/2026,340,Standard Home Clean,Noa Peretz
Shai Golan,053-8862600,shai.golan@gmail.com,11/03/2026,280,Standard Home Clean,Shira Malka
Itai Sharabi,050-1548585,itai93@walla.co.il,11/03/2026,700,Deep Clean,Noa Peretz
Shira Sharabi,053-4089536,shiras@hotmail.com,11/03/2026,570,Deep Clean,Shira Malka
Michal Carmi,052-3319211,michal.carmi@outlook.com,12/03/2026,260,Standard Home Clean,Shira Malka
Itai Klein,,,12/03/2026,320,Airbnb Turnover,Shira Malka
Yossi Barak (Mint Coworking),053-3173331,office@mintcoworking.co.il,12/03/2026,370,Window Cleaning,Yossi Amar
,052-1259280,ronic@gmail.com,12/03/2026,1130,Move-in / Move-out Clean,Shira Malka
Adi Elbaz,050-4795998,,13/03/2026,250,Standard Home Clean,Avi Dahan
Yossi Hadad,058-1991785,yossi85@outlook.com,13/03/2026,290,Standard Home Clean,Yossi Amar
Olivia Amar,,oamar@yahoo.com,13/03/2026,290,Standard Home Clean,Avi Dahan
Ido Cohen,053-2349396,idoc@gmail.com,13/03/2026,340,Airbnb Turnover,Shira Malka
Yossi Biton,058-6961890,ybiton@outlook.com,13/03/2026,330,Airbnb Turnover,Yossi Amar
Orit Peretz,054-3338249,operetz@yahoo.com,13/03/2026,480,Carpet & Upholstery,Noa Peretz
Emily Ben-David,058-9354691,emilyb@gmail.com,13/03/2026,650,Deep Clean,Shira Malka
Olivia Barak,052-4764343,olivia.barak@yahoo.com,13/03/2026,630,Deep Clean,Avi Dahan
Lior Ohana,058-7466827,lior.ohana@gmail.com,14/03/2026,280,Standard Home Clean,Yossi Amar
Orit Raz,053-9889801,orit84@hotmail.com,14/03/2026,300,Standard Home Clean,Shira Malka
Guy Goldberg,,guy.goldberg@gmail.com,14/03/2026,290,Standard Home Clean,Avi Dahan
Daniel Katz (Yafo Yoga Loft),050-8600351,office@yafoyogaloft.co.il,01/03/2026,2340,Monthly Office Contract,Yossi Amar
Guy Goldberg,,guy.goldberg@gmail.com,14/03/2026,630,Deep Clean,Yossi Amar
Elad Weiss,053-3874198,,14/03/2026,350,Airbnb Turnover,Shira Malka
Ayelet Azoulay,053-7725003,ayelet.azoulay@outlook.com,14/03/2026,360,Window Cleaning,Avi Dahan
Matan Friedman,050-4023141,matan.friedman@gmail.com,14/03/2026,410,Kitchen Deep Clean,Yossi Amar
Matan Peretz,053-6300542,matan.peretz@yahoo.com,15/03/2026,270,Standard Home Clean,Shira Malka
Rachel Weiss,058-6840827,rweiss@outlook.com,15/03/2026,290,Standard Home Clean,Avi Dahan
Shira Goldberg,052-5004231,shirag@yahoo.com,15/03/2026,300,Standard Home Clean,Avi Dahan
Roni Raz,050-3181261,ronir@outlook.com,15/03/2026,250,Standard Home Clean,Avi Dahan
Hannah Sharabi,052-4666284,hannah.sharabi@outlook.com,15/03/2026,320,Standard Home Clean,Noa Peretz
Dana Azoulay,058-7253082,dana80@gmail.com,15/03/2026,250,Standard Home Clean,Yossi Amar
Shira Raz,058-2242607,shira84@yahoo.com,15/03/2026,430,Carpet & Upholstery,Shira Malka
Oren Ben-David,058-8102349,oren98@walla.co.il,15/03/2026,260,Standard Home Clean,Noa Peretz
Jacob Friedman,052-1311388,jacob93@gmail.com,16/03/2026,260,Standard Home Clean,Shira Malka
Jacob Friedman,052-1311388,jacob93@gmail.com,16/03/2026,180,Fridge & Oven Add-on,Noa Peretz
Itai Halevi,054-6436839,,16/03/2026,260,Standard Home Clean,Noa Peretz
Alon Amar,050-5289482,aamar@outlook.com,16/03/2026,290,Standard Home Clean,Noa Peretz
Tamar Oz,052-1194705,tamar50@gmail.com,16/03/2026,330,Airbnb Turnover,Yossi Amar
Shira Levi,058-5938134,shira.levi@walla.co.il,16/03/2026,310,Airbnb Turnover,Shira Malka
Roni Barak,,rbarak@walla.co.il,16/03/2026,340,Window Cleaning,Noa Peretz
Uri Vaknin,,uvaknin@gmail.com,16/03/2026,630,Deep Clean,Yossi Amar
Nadav Halevi,053-1809663,nhalevi@gmail.com,17/03/2026,280,Standard Home Clean,Yossi Amar
Yonatan Shapiro,058-6728679,yonatan.shapiro@gmail.com,17/03/2026,320,Airbnb Turnover,Noa Peretz
Gal Segal,058-1711000,gals@gmail.com,17/03/2026,770,Deep Clean,Shira Malka
Rachel Biton,,rachel21@walla.co.il,18/03/2026,240,Standard Home Clean,Shira Malka
Moran Levi,054-9674950,moran.levi@outlook.com,18/03/2026,310,Standard Home Clean,Avi Dahan
Moran Levi,054-9674950,moran.levi@outlook.com,18/03/2026,210,Fridge & Oven Add-on,Avi Dahan
Maya Gabay,052-1960961,maya.gabay@walla.co.il,18/03/2026,310,Standard Home Clean,Yossi Amar
Rachel Vaknin,054-8466086,rachel61@hotmail.com,18/03/2026,250,Standard Home Clean,Yossi Amar
Dana Oz,052-5323255,,18/03/2026,270,Standard Home Clean,Noa Peretz
Ido Goldberg,052-5253682,igoldberg@gmail.com,18/03/2026,260,Standard Home Clean,Yossi Amar
Ido Goldberg,052-5253682,igoldberg@gmail.com,18/03/2026,380,Kitchen Deep Clean,Yossi Amar
Matan Malka,,matanm@gmail.com,18/03/2026,290,Standard Home Clean,Avi Dahan
Keren Goldberg,054-4944862,kgoldberg@yahoo.com,18/03/2026,300,Standard Home Clean,Avi Dahan
Maya Ziv,053-9027657,maya.ziv@gmail.com,18/03/2026,300,Airbnb Turnover,Avi Dahan
Orit Barak (Kiryat Labs),058-1534245,office@kiryatlabs.co.il,18/03/2026,930,Office Cleaning,Avi Dahan
Sarah Stern,058-2884084,sarah38@hotmail.com,18/03/2026,380,Kitchen Deep Clean,Yossi Amar
Moran Weiss,058-2324596,,19/03/2026,290,Standard Home Clean,Yossi Amar
Ayelet Amar,053-7715781,ayelet.amar@gmail.com,19/03/2026,280,Standard Home Clean,Avi Dahan
Ayelet Amar,053-7715781,ayelet.amar@gmail.com,19/03/2026,190,Fridge & Oven Add-on,Avi Dahan
Rachel Halevi,052-5449172,rachelh@yahoo.com,19/03/2026,240,Standard Home Clean,Avi Dahan
Dana Bar,052-3189782,danab@outlook.com,19/03/2026,310,Airbnb Turnover,Noa Peretz
Ran Ohana,,,19/03/2026,320,Airbnb Turnover,Yossi Amar
Rachel Golan,052-2139352,rgolan@gmail.com,19/03/2026,350,Window Cleaning,Avi Dahan
Orit Amar,053-9944412,,19/03/2026,500,Carpet & Upholstery,Shira Malka
Keren Shapiro,052-4985596,,20/03/2026,260,Standard Home Clean,Avi Dahan
Eitan Bar,058-3632523,ebar@walla.co.il,20/03/2026,250,Standard Home Clean,Avi Dahan
Jacob Segal,058-3542184,jacob40@gmail.com,20/03/2026,730,Deep Clean,Shira Malka
Maya Mizrahi,058-5808518,maya.mizrahi@gmail.com,20/03/2026,1210,Move-in / Move-out Clean,Yossi Amar
Liat Shapiro,050-9159613,liats@hotmail.com,21/03/2026,310,Standard Home Clean,Avi Dahan
Liat Shapiro,050-9159613,liats@hotmail.com,21/03/2026,350,Window Cleaning,Avi Dahan
Oren Cohen,050-6515915,oren.cohen@outlook.com,21/03/2026,300,Standard Home Clean,Yossi Amar
Oren Cohen,050-6515915,oren.cohen@outlook.com,21/03/2026,710,Deep Clean,Avi Dahan
Hannah Ohana,053-1799533,hannaho@gmail.com,21/03/2026,240,Standard Home Clean,Shira Malka
Hannah Ohana,053-1799533,hannaho@gmail.com,21/03/2026,400,Kitchen Deep Clean,Avi Dahan
Asaf Raz,058-2452542,asaf.raz@gmail.com,21/03/2026,320,Airbnb Turnover,Noa Peretz
Ran Klein,058-9969130,ran91@yahoo.com,21/03/2026,320,Airbnb Turnover,Noa Peretz
Orit Goldberg (Bluefin Insurance),052-5042455,office@bluefininsurance.co.il,21/03/2026,870,Office Cleaning,Yossi Amar
Uri Sharabi (Carmel Real Estate),052-5016247,office@carmelrealestate.co.il,21/03/2026,860,Office Cleaning,Avi Dahan
Moran Gabay,050-7049893,,21/03/2026,410,Window Cleaning,Avi Dahan
David Cohen,053-9226312,dcohen@gmail.com,22/03/2026,250,Standard Home Clean,Noa Peretz
Roni Bar,050-4362855,ronib@walla.co.il,22/03/2026,300,Standard Home Clean,Noa Peretz
Keren Sasson,052-5278918,keren.sasson@outlook.com,22/03/2026,290,Standard Home Clean,Avi Dahan
Uri Biton,053-1978941,,22/03/2026,280,Standard Home Clean,Noa Peretz
Rachel Gabay,058-6790012,rachel.gabay@gmail.com,22/03/2026,290,Standard Home Clean,Noa Peretz
Ido Halevi,053-5605743,ido.halevi@outlook.com,22/03/2026,290,Standard Home Clean,Yossi Amar
Elad Weiss,053-3874198,,22/03/2026,320,Airbnb Turnover,Noa Peretz
Itai Klein,,,22/03/2026,310,Airbnb Turnover,Shira Malka
Orit Golan,050-3390604,,22/03/2026,290,Airbnb Turnover,Yossi Amar
Elad Amar,058-2010441,elad70@gmail.com,22/03/2026,370,Window Cleaning,Noa Peretz
Guy Azoulay,053-7246674,guy.azoulay@gmail.com,22/03/2026,500,Carpet & Upholstery,Shira Malka
Chen Cohen,054-4364500,chenc@outlook.com,23/03/2026,280,Standard Home Clean,Avi Dahan
Omer Levi,053-7612344,omer64@walla.co.il,23/03/2026,240,Standard Home Clean,Yossi Amar
Yarden Hadad,052-4542753,yarden.hadad@hotmail.com,23/03/2026,510,Carpet & Upholstery,Avi Dahan
Rachel Weiss,058-6840827,rweiss@outlook.com,24/03/2026,260,Standard Home Clean,Yossi Amar
Adi Elbaz,050-4795998,,24/03/2026,270,Standard Home Clean,Noa Peretz
Adi Elbaz,050-4795998,,24/03/2026,190,Fridge & Oven Add-on,Avi Dahan
Amit Biton,058-2077568,abiton@walla.co.il,24/03/2026,260,Standard Home Clean,Avi Dahan
Amit Biton,058-2077568,abiton@walla.co.il,24/03/2026,350,Window Cleaning,Shira Malka
Yonatan Friedman,052-8814949,yonatan.friedman@hotmail.com,24/03/2026,310,Standard Home Clean,Yossi Amar
Lior Mizrahi,053-4909415,,24/03/2026,280,Standard Home Clean,Shira Malka
Maya Ziv,053-9027657,maya.ziv@gmail.com,24/03/2026,300,Airbnb Turnover,Shira Malka
Shira Levi,058-5938134,shira.levi@walla.co.il,24/03/2026,320,Airbnb Turnover,Avi Dahan
Olivia Katz,053-2425134,okatz@outlook.com,24/03/2026,640,Deep Clean,Yossi Amar
Yael Ben-David,052-4941462,yaelb@yahoo.com,24/03/2026,370,Window Cleaning,Yossi Amar
Matan Peretz,053-6300542,matan.peretz@yahoo.com,25/03/2026,300,Standard Home Clean,Shira Malka
Lior Ohana,058-7466827,lior.ohana@gmail.com,25/03/2026,290,Standard Home Clean,Shira Malka
Lior Ohana,058-7466827,lior.ohana@gmail.com,25/03/2026,350,Window Cleaning,Avi Dahan
Eitan Malka,,eitan.malka@gmail.com,25/03/2026,280,Standard Home Clean,Noa Peretz
Rachel Peretz,053-7305786,rachel.peretz@hotmail.com,25/03/2026,260,Standard Home Clean,Avi Dahan
Nathan Oz,058-1548413,nathan64@yahoo.com,25/03/2026,260,Standard Home Clean,Avi Dahan
Oren Segal,054-6841623,,25/03/2026,300,Standard Home Clean,Avi Dahan
Oren Segal,054-6841623,,25/03/2026,170,Fridge & Oven Add-on,Yossi Amar
Inbar Levi,054-2791042,ilevi@gmail.com,25/03/2026,260,Standard Home Clean,Avi Dahan
Ido Cohen,053-2349396,idoc@gmail.com,25/03/2026,290,Airbnb Turnover,Yossi Amar
Guy Carmi,058-7435997,guy85@gmail.com,25/03/2026,620,Deep Clean,Avi Dahan
Chen Ohana,058-3417131,,25/03/2026,250,Standard Home Clean,Shira Malka
Ido Cohen,053-2349396,idoc@gmail.com,13/03/2026,340,Airbnb Turnover,Shira Malka
Hannah Katz,050-9174304,hkatz@gmail.com,25/03/2026,490,Deep Clean,Avi Dahan
Michal Carmi,052-3319211,michal.carmi@outlook.com,26/03/2026,280,Standard Home Clean,Avi Dahan
Jacob Friedman,052-1311388,jacob93@gmail.com,26/03/2026,280,Standard Home Clean,Shira Malka
Jacob Friedman,052-1311388,jacob93@gmail.com,26/03/2026,150,Fridge & Oven Add-on,Noa Peretz
Rachel Vaknin,054-8466086,rachel61@hotmail.com,26/03/2026,270,Standard Home Clean,Noa Peretz
Avi Barak,054-1526916,avi.barak@walla.co.il,26/03/2026,340,Standard Home Clean,Noa Peretz
Hannah Shapiro,054-9657965,hannah43@outlook.com,26/03/2026,280,Standard Home Clean,Noa Peretz
Daniel Cohen,053-1661936,danielc@hotmail.com,26/03/2026,650,Deep Clean,Avi Dahan
Daniel Ziv,,,27/03/2026,310,Standard Home Clean,Shira Malka
Alon Levi,,,27/03/2026,310,Standard Home Clean,Shira Malka
Roni Ben-David,053-7602836,ronib@hotmail.com,27/03/2026,290,Standard Home Clean,Avi Dahan
Olivia Goldberg,052-5143029,olivia.goldberg@gmail.com,27/03/2026,260,Standard Home Clean,Avi Dahan
Asaf Klein,053-3897513,asaf.klein@gmail.com,27/03/2026,280,Standard Home Clean,Yossi Amar
Asaf Klein,053-3897513,asaf.klein@gmail.com,27/03/2026,360,Window Cleaning,Avi Dahan
Yossi Ben-David,054-8326784,yossi.bendavid@hotmail.com,27/03/2026,290,Standard Home Clean,Noa Peretz
Yossi Raz,054-5453983,yossir@outlook.com,27/03/2026,300,Standard Home Clean,Avi Dahan
Yossi Biton,058-6961890,ybiton@outlook.com,27/03/2026,310,Airbnb Turnover,Avi Dahan
Ran Ohana,,,27/03/2026,290,Airbnb Turnover,Noa Peretz
Orit Barak (Kiryat Labs),058-1534245,office@kiryatlabs.co.il,27/03/2026,310,Window Cleaning,Shira Malka
Eitan Ohana,054-8716895,eitan64@yahoo.com,27/03/2026,290,Standard Home Clean,Noa Peretz
Moran Weiss,058-2324596,,28/03/2026,280,Standard Home Clean,Shira Malka
Rachel Biton,,rachel21@walla.co.il,28/03/2026,320,Standard Home Clean,Avi Dahan
Noa Ziv,050-7561712,nziv@hotmail.com,28/03/2026,260,Standard Home Clean,Yossi Amar
Roni Sasson,054-3452812,,28/03/2026,270,Standard Home Clean,Shira Malka
Roni Sasson,054-3452812,,28/03/2026,180,Fridge & Oven Add-on,Avi Dahan
Keren Sharabi,053-9048156,keren.sharabi@hotmail.com,28/03/2026,250,Standard Home Clean,Avi Dahan
Keren Sharabi,053-9048156,keren.sharabi@hotmail.com,28/03/2026,600,Deep Clean,Yossi Amar
Ben Friedman,050-3559552,bfriedman@gmail.com,28/03/2026,410,Carpet & Upholstery,Noa Peretz
Keren Vaknin,058-1141208,keren.vaknin@outlook.com,28/03/2026,410,Kitchen Deep Clean,Noa Peretz
Moran Bar,052-9360671,moranb@gmail.com,29/03/2026,310,Standard Home Clean,Yossi Amar
Moran Bar,052-9360671,moranb@gmail.com,29/03/2026,250,Balcony & Terrace,Yossi Amar
Oren Stern,058-1826072,oren.stern@hotmail.com,29/03/2026,270,Standard Home Clean,Noa Peretz
Roni Nachum,058-8018473,rnachum@hotmail.com,29/03/2026,270,Standard Home Clean,Noa Peretz
Lior Vaknin,058-5794561,lvaknin@hotmail.com,29/03/2026,320,Standard Home Clean,Avi Dahan
Hila Avraham,053-2872006,hila.avraham@gmail.com,29/03/2026,290,Standard Home Clean,Noa Peretz
Hila Avraham,053-2872006,hila.avraham@gmail.com,29/03/2026,180,Fridge & Oven Add-on,Avi Dahan
Ethan Bar,058-7289328,ebar@outlook.com,29/03/2026,280,Standard Home Clean,Avi Dahan
Maya Segal,050-6583224,maya.segal@gmail.com,29/03/2026,290,Standard Home Clean,Yossi Amar
Elad Weiss,053-3874198,,29/03/2026,280,Airbnb Turnover,Avi Dahan
Dana Bar,052-3189782,danab@outlook.com,29/03/2026,270,Airbnb Turnover,Avi Dahan
Roni Gabay,053-5345431,roni.gabay@gmail.com,29/03/2026,590,Deep Clean,Noa Peretz
Asaf Ohana,050-6081872,asaf.ohana@hotmail.com,29/03/2026,1130,Move-in / Move-out Clean,Avi Dahan
Hannah Stern,054-8170039,hannah.stern@outlook.com,30/03/2026,280,Standard Home Clean,Yossi Amar
Merav Carmi,052-5002345,,30/03/2026,250,Standard Home Clean,Yossi Amar
Ariel Hadad,,arielh@hotmail.com,30/03/2026,270,Standard Home Clean,Yossi Amar
Orit Golan,050-3390604,,30/03/2026,320,Airbnb Turnover,Shira Malka
Yonatan Shapiro,058-6728679,yonatan.shapiro@gmail.com,30/03/2026,300,Airbnb Turnover,Avi Dahan
Tamar Oz,052-1194705,tamar50@gmail.com,30/03/2026,310,Airbnb Turnover,Avi Dahan
Lior Levi,053-5799428,lior.levi@gmail.com,30/03/2026,280,Standard Home Clean,Shira Malka
Chen Cohen,054-4364500,chenc@outlook.com,31/03/2026,260,Standard Home Clean,Avi Dahan
Ran Raz,054-5499748,ran68@walla.co.il,31/03/2026,630,Deep Clean,Yossi Amar
Orit Katz,050-2033737,orit.katz@walla.co.il,31/03/2026,1190,Move-in / Move-out Clean,Noa Peretz
Keren Shapiro,052-4985596,,01/04/2026,260,Standard Home Clean,Shira Malka
David Cohen,053-9226312,dcohen@gmail.com,01/04/2026,260,Standard Home Clean,Shira Malka
Keren Sasson,052-5278918,keren.sasson@outlook.com,01/04/2026,280,Standard Home Clean,Avi Dahan
Eitan Vaknin,050-2935892,evaknin@gmail.com,01/04/2026,310,Standard Home Clean,Avi Dahan
Eitan Vaknin,050-2935892,evaknin@gmail.com,01/04/2026,410,Kitchen Deep Clean,Noa Peretz
Orit Goldberg (Bluefin Insurance),052-5042455,office@bluefininsurance.co.il,01/04/2026,2450,Monthly Office Contract,Noa Peretz
Ariel Elbaz (Shuk Coffee Roasters),058-8270836,office@shukcoffeeroasters.co.il,01/04/2026,2500,Monthly Office Contract,Shira Malka
Ido Stern (Neve Tzedek Architects),053-2966902,office@nevetzedekarchitects.co.il,01/04/2026,2350,Monthly Office Contract,Yossi Amar
Daniel Katz (Yafo Yoga Loft),050-8600351,office@yafoyogaloft.co.il,01/04/2026,2040,Monthly Office Contract,Shira Malka
Yossi Barak (Mint Coworking),053-3173331,office@mintcoworking.co.il,01/04/2026,2400,Monthly Office Contract,Avi Dahan
Yonatan Peretz (Pixel & Co.),053-6468834,office@pixelco.co.il,01/04/2026,2230,Monthly Office Contract,Shira Malka
Tamar Shapiro (Arlozorov Pilates),058-2562002,office@arlozorovpilates.co.il,01/04/2026,2280,Monthly Office Contract,Yossi Amar
Ben Malka (Bialik Design House),058-9166461,office@bialikdesignhouse.co.il,01/04/2026,2710,Monthly Office Contract,Yossi Amar
Yael Gabay,054-3110676,yael.gabay@gmail.com,01/04/2026,340,Window Cleaning,Yossi Amar
Maya Gabay,052-1960961,maya.gabay@walla.co.il,02/04/2026,260,Standard Home Clean,Shira Malka
Ido Cohen,053-2349396,idoc@gmail.com,02/04/2026,320,Airbnb Turnover,Avi Dahan
Asaf Raz,058-2452542,asaf.raz@gmail.com,02/04/2026,340,Airbnb Turnover,Shira Malka
Eitan Weiss (Tel Aviv Dental Clinic),052-9052527,office@telavivdentalclinic.co.il,02/04/2026,2830,Monthly Office Contract,Shira Malka
Hannah Hadad (Lev Pediatrics),054-6496368,office@levpediatrics.co.il,02/04/2026,2300,Monthly Office Contract,Shira Malka
Ariel Carmi,052-5831926,arielc@gmail.com,02/04/2026,1140,Move-in / Move-out Clean,Noa Peretz
Tamar Stern,053-8104870,tamar.stern@gmail.com,02/04/2026,1910,Post-Renovation Clean,Avi Dahan
Nadav Halevi,053-1809663,nhalevi@gmail.com,03/04/2026,280,Standard Home Clean,Shira Malka
Yarden Gabay,,yarden.gabay@yahoo.com,03/04/2026,270,Standard Home Clean,Yossi Amar
Keren Azoulay,052-9169756,kazoulay@walla.co.il,03/04/2026,290,Standard Home Clean,Avi Dahan
Keren Goldberg,054-4944862,kgoldberg@yahoo.com,03/04/2026,310,Standard Home Clean,Noa Peretz
Shai Golan,053-8862600,shai.golan@gmail.com,03/04/2026,310,Standard Home Clean,Shira Malka
Ran Klein,058-9969130,ran91@yahoo.com,03/04/2026,320,Airbnb Turnover,Yossi Amar
Maya Ziv,053-9027657,maya.ziv@gmail.com,03/04/2026,340,Airbnb Turnover,Shira Malka
David Bar (Ramat Gan Physio),052-1173038,office@ramatganphysio.co.il,03/04/2026,2470,Monthly Office Contract,Yossi Amar
Orit Barak (Kiryat Labs),058-1534245,office@kiryatlabs.co.il,03/04/2026,2390,Monthly Office Contract,Shira Malka
Uri Sharabi (Carmel Real Estate),052-5016247,office@carmelrealestate.co.il,03/04/2026,2290,Monthly Office Contract,Noa Peretz
Merav Gabay (Oak Tree Kindergarten),058-8725429,office@oaktreekindergarten.co.il,03/04/2026,2360,Monthly Office Contract,Shira Malka
Uri Segal,054-1168422,uri65@walla.co.il,03/04/2026,1070,Move-in / Move-out Clean,Avi Dahan
Neta Golan,053-4369316,neta.golan@gmail.com,03/04/2026,1270,Move-in / Move-out Clean,Avi Dahan
Rachel Weiss,058-6840827,rweiss@outlook.com,04/04/2026,290,Standard Home Clean,Yossi Amar
Adi Elbaz,050-4795998,,04/04/2026,270,Standard Home Clean,Noa Peretz
Itai Klein,,,04/04/2026,340,Airbnb Turnover,Shira Malka
Dana Bar,052-3189782,danab@outlook.com,04/04/2026,310,Airbnb Turnover,Shira Malka
Shira Levi,058-5938134,shira.levi@walla.co.il,04/04/2026,320,Airbnb Turnover,Avi Dahan
Inbar Weiss (Nordau Optics),052-8051920,office@nordauoptics.co.il,04/04/2026,2310,Monthly Office Contract,Yossi Amar
Matan Nachum (Sela Logistics),054-7011056,office@selalogistics.co.il,04/04/2026,2430,Monthly Office Contract,Noa Peretz
Yossi Amar,058-3292673,yossi74@gmail.com,04/04/2026,1780,Post-Renovation Clean,Noa Peretz
Eitan Malka,,eitan.malka@gmail.com,05/04/2026,260,Standard Home Clean,Noa Peretz
Itai Halevi,054-6436839,,05/04/2026,290,Standard Home Clean,Yossi Amar
Shira Levi,058-5938134,shira.levi@walla.co.il,24/03/2026,320,Airbnb Turnover,Avi Dahan
Olivia Amar,,oamar@yahoo.com,05/04/2026,340,Standard Home Clean,Shira Malka
Tom Raz (Studio Orbit),,office@studioorbit.co.il,05/04/2026,2260,Monthly Office Contract,Yossi Amar
Tamar Hadad (Gordon Accounting),052-3937855,office@gordonaccounting.co.il,05/04/2026,2380,Monthly Office Contract,Yossi Amar
Tamar Avraham,052-9533102,tamar.avraham@gmail.com,05/04/2026,370,Kitchen Deep Clean,Avi Dahan
,058-7466827,lior.ohana@gmail.com,06/04/2026,290,Standard Home Clean,Noa Peretz
Lior Ohana,058-7466827,lior.ohana@gmail.com,06/04/2026,250,Balcony & Terrace,Avi Dahan
Moran Levi,054-9674950,moran.levi@outlook.com,06/04/2026,220,Standard Home Clean,Noa Peretz
Moran Bar,052-9360671,moranb@gmail.com,06/04/2026,320,Standard Home Clean,Avi Dahan
Jacob Friedman,052-1311388,jacob93@gmail.com,06/04/2026,270,Standard Home Clean,Shira Malka
Ran Ohana,,,06/04/2026,320,Airbnb Turnover,Avi Dahan
Yonatan Shapiro,058-6728679,yonatan.shapiro@gmail.com,06/04/2026,300,Airbnb Turnover,Shira Malka
Matan Peretz,053-6300542,matan.peretz@yahoo.com,07/04/2026,320,Standard Home Clean,Shira Malka
Rachel Biton,,rachel21@walla.co.il,07/04/2026,260,Standard Home Clean,Yossi Amar
Ayelet Amar,053-7715781,ayelet.amar@gmail.com,07/04/2026,280,Standard Home Clean,Yossi Amar
Shira Goldberg,052-5004231,shirag@yahoo.com,07/04/2026,250,Standard Home Clean,Avi Dahan
Shira Goldberg,052-5004231,shirag@yahoo.com,07/04/2026,180,Fridge & Oven Add-on,Noa Peretz
Rachel Halevi,052-5449172,rachelh@yahoo.com,07/04/2026,300,Standard Home Clean,Yossi Amar
Roni Bar,050-4362855,ronib@walla.co.il,08/04/2026,300,Standard Home Clean,Shira Malka
Ariel Klein,050-9567426,ariel90@gmail.com,08/04/2026,310,Standard Home Clean,Yossi Amar
Keren Amar,054-3210743,keren56@outlook.com,08/04/2026,320,Standard Home Clean,Shira Malka
Asaf Raz,058-2452542,asaf.raz@gmail.com,08/04/2026,340,Airbnb Turnover,Shira Malka
Itai Mizrahi,058-3968309,itai49@yahoo.com,08/04/2026,490,Carpet & Upholstery,Shira Malka
Moran Weiss,058-2324596,,09/04/2026,260,Standard Home Clean,Noa Peretz
Moran Weiss,058-2324596,,09/04/2026,180,Fridge & Oven Add-on,Shira Malka
Michal Carmi,052-3319211,michal.carmi@outlook.com,09/04/2026,290,Standard Home Clean,Noa Peretz
Daniel Ziv,,,09/04/2026,290,Standard Home Clean,Noa Peretz
Avi Barak,054-1526916,avi.barak@walla.co.il,09/04/2026,270,Standard Home Clean,Yossi Amar
Hannah Klein,058-9420204,hannah87@hotmail.com,09/04/2026,270,Standard Home Clean,Avi Dahan
Hannah Sharabi,052-4666284,hannah.sharabi@outlook.com,09/04/2026,260,Standard Home Clean,Shira Malka
Eitan Bar,058-3632523,ebar@walla.co.il,09/04/2026,300,Standard Home Clean,Yossi Amar
Nadav Vaknin,050-3869698,nadav18@gmail.com,09/04/2026,440,Carpet & Upholstery,Yossi Amar
Avi Rosen,058-1339242,avi.rosen@yahoo.com,09/04/2026,530,Carpet & Upholstery,Noa Peretz
Asaf Nachum,050-3941899,,09/04/2026,1730,Post-Renovation Clean,Shira Malka
Maya Ziv,053-9027657,maya.ziv@gmail.com,10/04/2026,360,Airbnb Turnover,Avi Dahan
Yossi Biton,058-6961890,ybiton@outlook.com,10/04/2026,320,Airbnb Turnover,Shira Malka
Elad Weiss,053-3874198,,10/04/2026,350,Airbnb Turnover,Noa Peretz
Orit Golan,050-3390604,,10/04/2026,270,Airbnb Turnover,Yossi Amar
Yonatan Peretz (Pixel & Co.),053-6468834,office@pixelco.co.il,10/04/2026,770,Office Cleaning,Yossi Amar
Ben Elbaz,050-1960699,ben.elbaz@yahoo.com,10/04/2026,640,Deep Clean,Shira Malka
Amit Segal,058-4124602,amit.segal@yahoo.com,10/04/2026,580,Deep Clean,Noa Peretz
Lior Ohana,058-7466827,lior.ohana@gmail.com,11/04/2026,280,Standard Home Clean,Noa Peretz
Rachel Vaknin,054-8466086,rachel61@hotmail.com,11/04/2026,270,Standard Home Clean,Shira Malka
Yael Sasson,050-3612673,yael74@yahoo.com,11/04/2026,300,Standard Home Clean,Shira Malka
Alon Amar,050-5289482,aamar@outlook.com,11/04/2026,250,Standard Home Clean,Shira Malka
Lior Raz,058-6375472,lior.raz@gmail.com,11/04/2026,660,Deep Clean,Yossi Amar
Keren Shapiro,052-4985596,,12/04/2026,250,Standard Home Clean,Yossi Amar
David Cohen,053-9226312,dcohen@gmail.com,12/04/2026,260,Standard Home Clean,Avi Dahan
Oren Stern,058-1826072,oren.stern@hotmail.com,12/04/2026,320,Standard Home Clean,Noa Peretz
Yossi Hadad,058-1991785,yossi85@outlook.com,12/04/2026,260,Standard Home Clean,Shira Malka
Dana Azoulay,058-7253082,dana80@gmail.com,12/04/2026,330,Standard Home Clean,Shira Malka
Ido Halevi,053-5605743,ido.halevi@outlook.com,12/04/2026,250,Standard Home Clean,Noa Peretz
Itai Klein,,,12/04/2026,330,Airbnb Turnover,Avi Dahan
Chen Goldberg,050-2700604,,12/04/2026,450,Carpet & Upholstery,Avi Dahan
Maya Gabay,052-1960961,maya.gabay@walla.co.il,13/04/2026,320,Standard Home Clean,Shira Malka
Keren Sasson,052-5278918,keren.sasson@outlook.com,13/04/2026,280,Standard Home Clean,Noa Peretz
Adi Elbaz,050-4795998,,13/04/2026,300,Standard Home Clean,Noa Peretz
Neta Sasson,054-7140209,neta59@outlook.com,13/04/2026,310,Standard Home Clean,Avi Dahan
Tamar Oz,052-1194705,tamar50@gmail.com,13/04/2026,350,Airbnb Turnover,Shira Malka
Daniel Katz (Yafo Yoga Loft),050-8600351,office@yafoyogaloft.co.il,13/04/2026,920,Office Cleaning,Avi Dahan
Inbar Weiss (Nordau Optics),052-8051920,office@nordauoptics.co.il,13/04/2026,940,Office Cleaning,Noa Peretz
Omer Levi,053-7612344,omer64@walla.co.il,14/04/2026,280,Standard Home Clean,Yossi Amar
Alon Levi,,,14/04/2026,290,Standard Home Clean,Avi Dahan
Dana Bar,052-3189782,danab@outlook.com,14/04/2026,320,Airbnb Turnover,Noa Peretz
Shira Ashkenazi,058-7038831,sashkenazi@outlook.com,14/04/2026,1600,Post-Renovation Clean,Avi Dahan
Noa Ziv,050-7561712,nziv@hotmail.com,15/04/2026,240,Standard Home Clean,Avi Dahan
Noa Ziv,050-7561712,nziv@hotmail.com,15/04/2026,180,Fridge & Oven Add-on,Noa Peretz
Oren Cohen,050-6515915,oren.cohen@outlook.com,15/04/2026,260,Standard Home Clean,Yossi Amar
Ido Cohen,053-2349396,idoc@gmail.com,15/04/2026,310,Airbnb Turnover,Avi Dahan
Ran Ohana,,,15/04/2026,340,Airbnb Turnover,Noa Peretz
David Bar (Ramat Gan Physio),052-1173038,office@ramatganphysio.co.il,15/04/2026,920,Office Cleaning,Shira Malka
Moran Levi,054-9674950,moran.levi@outlook.com,16/04/2026,290,Standard Home Clean,Noa Peretz
Roni Raz,050-3181261,ronir@outlook.com,16/04/2026,260,Standard Home Clean,Avi Dahan
Ido Goldberg,052-5253682,igoldberg@gmail.com,16/04/2026,270,Standard Home Clean,Avi Dahan
Yarden Malka,058-1385217,yardenm@walla.co.il,16/04/2026,680,Deep Clean,Noa Peretz
Chen Cohen,054-4364500,chenc@outlook.com,17/04/2026,290,Standard Home Clean,Yossi Amar
Matan Peretz,053-6300542,matan.peretz@yahoo.com,17/04/2026,260,Standard Home Clean,Avi Dahan
Matan Peretz,053-6300542,matan.peretz@yahoo.com,17/04/2026,180,Fridge & Oven Add-on,Avi Dahan
Nathan Oz,058-1548413,nathan64@yahoo.com,17/04/2026,270,Standard Home Clean,Avi Dahan
Keren Ziv,058-1158605,keren.ziv@yahoo.com,17/04/2026,290,Standard Home Clean,Shira Malka
Keren Ziv,058-1158605,keren.ziv@yahoo.com,17/04/2026,600,Deep Clean,Avi Dahan
Guy Goldberg,,guy.goldberg@gmail.com,17/04/2026,320,Standard Home Clean,Yossi Amar
Inbar Levi,054-2791042,ilevi@gmail.com,17/04/2026,280,Standard Home Clean,Avi Dahan
Ran Klein,058-9969130,ran91@yahoo.com,17/04/2026,330,Airbnb Turnover,Shira Malka
Shira Levi,058-5938134,shira.levi@walla.co.il,17/04/2026,340,Airbnb Turnover,Yossi Amar
Matan Nachum (Sela Logistics),054-7011056,office@selalogistics.co.il,17/04/2026,960,Office Cleaning,Shira Malka
Sivan Sharabi,,,17/04/2026,490,Carpet & Upholstery,Yossi Amar
Matan Ziv,050-9505831,matanz@hotmail.com,18/04/2026,250,Standard Home Clean,Yossi Amar
Matan Ziv,050-9505831,matanz@hotmail.com,18/04/2026,250,Balcony & Terrace,Yossi Amar
Keren Navon,050-5151669,keren34@gmail.com,18/04/2026,290,Standard Home Clean,Shira Malka
Orit Raz,053-9889801,orit84@hotmail.com,18/04/2026,290,Standard Home Clean,Avi Dahan
Hannah Ohana,053-1799533,hannaho@gmail.com,18/04/2026,280,Standard Home Clean,Noa Peretz
Hannah Ohana,053-1799533,hannaho@gmail.com,18/04/2026,330,Window Cleaning,Shira Malka
Yonatan Shapiro,058-6728679,yonatan.shapiro@gmail.com,18/04/2026,370,Airbnb Turnover,Yossi Amar
Noa Dahan,053-8398289,noa.dahan@gmail.com,18/04/2026,420,Kitchen Deep Clean,Avi Dahan
David Cohen,053-9226312,dcohen@gmail.com,19/04/2026,280,Standard Home Clean,Yossi Amar
Eitan Malka,,eitan.malka@gmail.com,19/04/2026,270,Standard Home Clean,Avi Dahan
Yarden Gabay,,yarden.gabay@yahoo.com,03/04/2026,270,Standard Home Clean,Yossi Amar
Jacob Friedman,052-1311388,jacob93@gmail.com,19/04/2026,250,Standard Home Clean,Noa Peretz
Rachel Peretz,053-7305786,rachel.peretz@hotmail.com,19/04/2026,300,Standard Home Clean,Avi Dahan
Keren Azoulay,052-9169756,kazoulay@walla.co.il,19/04/2026,280,Standard Home Clean,Avi Dahan
Keren Azoulay,052-9169756,kazoulay@walla.co.il,19/04/2026,380,Kitchen Deep Clean,Shira Malka
Hila Avraham,053-2872006,hila.avraham@gmail.com,19/04/2026,290,Standard Home Clean,Avi Dahan
Liat Shapiro,050-9159613,liats@hotmail.com,19/04/2026,270,Standard Home Clean,Shira Malka
Yonatan Friedman,052-8814949,yonatan.friedman@hotmail.com,19/04/2026,280,Standard Home Clean,Shira Malka
Keren Carmi,050-4423584,kerenc@hotmail.com,19/04/2026,500,Carpet & Upholstery,Avi Dahan
Tamar Carmi,053-9360616,tamar.carmi@gmail.com,19/04/2026,360,Window Cleaning,Yossi Amar
Avi Friedman,058-1518913,,19/04/2026,310,Window Cleaning,Noa Peretz
Rachel Weiss,058-6840827,rweiss@outlook.com,20/04/2026,320,Standard Home Clean,Avi Dahan
Nadav Halevi,053-1809663,nhalevi@gmail.com,20/04/2026,300,Standard Home Clean,Yossi Amar
Nadav Halevi,053-1809663,nhalevi@gmail.com,20/04/2026,370,Window Cleaning,Yossi Amar
Avi Barak,054-1526916,avi.barak@walla.co.il,20/04/2026,280,Standard Home Clean,Shira Malka
Adi Elbaz,050-4795998,,20/04/2026,290,Standard Home Clean,Avi Dahan
Adi Elbaz,050-4795998,,20/04/2026,180,Fridge & Oven Add-on,Shira Malka
Hannah Navon,058-9770193,hannah47@gmail.com,20/04/2026,270,Standard Home Clean,Yossi Amar
Hannah Navon,058-9770193,hannah47@gmail.com,20/04/2026,180,Fridge & Oven Add-on,Shira Malka
Uri Biton,053-1978941,,20/04/2026,250,Standard Home Clean,Noa Peretz
Uri Biton,053-1978941,,20/04/2026,450,Kitchen Deep Clean,Noa Peretz
Amit Biton,058-2077568,abiton@walla.co.il,20/04/2026,280,Standard Home Clean,Shira Malka
Emily Azoulay,050-3135388,emily16@gmail.com,20/04/2026,240,Standard Home Clean,Shira Malka
Itai Klein,,,20/04/2026,320,Airbnb Turnover,Shira Malka
Ran Peretz,053-1066562,ran.peretz@yahoo.com,20/04/2026,260,Standard Home Clean,Shira Malka
Olivia Weiss,052-7637067,olivia.weiss@gmail.com,20/04/2026,690,Deep Clean,Noa Peretz
David Golan,052-2788844,david.golan@hotmail.com,20/04/2026,400,Window Cleaning,Noa Peretz
Lior Ohana,058-7466827,lior.ohana@gmail.com,21/04/2026,290,Standard Home Clean,Noa Peretz
Roni Bar,050-4362855,ronib@walla.co.il,21/04/2026,250,Standard Home Clean,Avi Dahan
Amit Vaknin,053-6177934,amit.vaknin@outlook.com,21/04/2026,300,Standard Home Clean,Shira Malka
Elad Weiss,053-3874198,,21/04/2026,320,Airbnb Turnover,Shira Malka
Orit Golan,050-3390604,,21/04/2026,310,Airbnb Turnover,Noa Peretz
Ariel Stern,052-3613601,ariel80@walla.co.il,21/04/2026,470,Carpet & Upholstery,Avi Dahan
Ido Bar,058-1488506,idob@gmail.com,21/04/2026,360,Window Cleaning,Yossi Amar
Avi Nachum,052-9275449,avi89@outlook.com,21/04/2026,350,Window Cleaning,Noa Peretz
Adi Levi,050-9156469,,21/04/2026,1200,Move-in / Move-out Clean,Yossi Amar
Moran Weiss,058-2324596,,22/04/2026,290,Standard Home Clean,Avi Dahan
Michal Carmi,052-3319211,michal.carmi@outlook.com,22/04/2026,270,Standard Home Clean,Noa Peretz
Rachel Biton,,rachel21@walla.co.il,22/04/2026,300,Standard Home Clean,Avi Dahan
Ayelet Amar,053-7715781,ayelet.amar@gmail.com,22/04/2026,290,Standard Home Clean,Shira Malka
Roni Nachum,058-8018473,rnachum@hotmail.com,22/04/2026,280,Standard Home Clean,Shira Malka
Dana Oz,052-5323255,,22/04/2026,280,Standard Home Clean,Avi Dahan
Asaf Raz,058-2452542,asaf.raz@gmail.com,22/04/2026,280,Airbnb Turnover,Noa Peretz
Yossi Biton,058-6961890,ybiton@outlook.com,22/04/2026,330,Airbnb Turnover,Noa Peretz
Ran Ohana,,,22/04/2026,340,Airbnb Turnover,Noa Peretz
Keren Sasson,052-5278918,keren.sasson@outlook.com,23/04/2026,230,Standard Home Clean,Avi Dahan
Lior Mizrahi,053-4909415,,23/04/2026,290,Standard Home Clean,Yossi Amar
Maya Ziv,053-9027657,maya.ziv@gmail.com,23/04/2026,330,Airbnb Turnover,Shira Malka
Shira Levi,058-5938134,shira.levi@walla.co.il,23/04/2026,350,Airbnb Turnover,Shira Malka
Olivia Halevi,054-7683329,ohalevi@outlook.com,23/04/2026,1220,Move-in / Move-out Clean,Avi Dahan
Alon Shapiro,052-5155583,alon.shapiro@yahoo.com,23/04/2026,460,Carpet & Upholstery,Shira Malka
Moran Bar,052-9360671,moranb@gmail.com,24/04/2026,280,Standard Home Clean,Shira Malka
Keren Sharabi,053-9048156,keren.sharabi@hotmail.com,24/04/2026,270,Standard Home Clean,Noa Peretz
Keren Goldberg,054-4944862,kgoldberg@yahoo.com,24/04/2026,270,Standard Home Clean,Yossi Amar
Keren Goldberg,054-4944862,kgoldberg@yahoo.com,24/04/2026,660,Deep Clean,Noa Peretz
Merav Carmi,052-5002345,,24/04/2026,230,Standard Home Clean,Avi Dahan
Merav Carmi,052-5002345,,24/04/2026,330,Window Cleaning,Avi Dahan
Rachel Vaknin,054-8466086,rachel61@hotmail.com,25/04/2026,300,Standard Home Clean,Avi Dahan
Eitan Vaknin,050-2935892,evaknin@gmail.com,25/04/2026,320,Standard Home Clean,Yossi Amar
Shai Golan,053-8862600,shai.golan@gmail.com,25/04/2026,280,Standard Home Clean,Avi Dahan
Dana Barak,,dana.barak@walla.co.il,25/04/2026,420,Kitchen Deep Clean,Avi Dahan
Daniel Sasson,053-7967699,daniel.sasson@yahoo.com,25/04/2026,280,Standard Home Clean,Avi Dahan
Keren Shapiro,052-4985596,,26/04/2026,240,Standard Home Clean,Noa Peretz
Oren Stern,058-1826072,oren.stern@hotmail.com,26/04/2026,250,Standard Home Clean,Avi Dahan
Olivia Goldberg,052-5143029,olivia.goldberg@gmail.com,26/04/2026,290,Standard Home Clean,Avi Dahan
Lior Vaknin,058-5794561,lvaknin@hotmail.com,26/04/2026,290,Standard Home Clean,Shira Malka
Matan Malka,,matanm@gmail.com,26/04/2026,310,Standard Home Clean,Noa Peretz
Tamar Oz,052-1194705,tamar50@gmail.com,26/04/2026,290,Airbnb Turnover,Noa Peretz
Neta Sharabi,053-2622086,neta.sharabi@outlook.com,26/04/2026,280,Standard Home Clean,Avi Dahan
Guy Cohen,050-9617406,gcohen@gmail.com,26/04/2026,360,Window Cleaning,Avi Dahan
Lior Ohana,058-7466827,lior.ohana@gmail.com,27/04/2026,270,Standard Home Clean,Noa Peretz
Yarden Gabay,,yarden.gabay@yahoo.com,27/04/2026,280,Standard Home Clean,Avi Dahan
Oren Segal,054-6841623,,27/04/2026,280,Standard Home Clean,Shira Malka
Oren Segal,054-6841623,,27/04/2026,740,Deep Clean,Shira Malka
Hannah Shapiro,054-9657965,hannah43@outlook.com,27/04/2026,300,Standard Home Clean,Yossi Amar
Olivia Amar,,oamar@yahoo.com,27/04/2026,270,Standard Home Clean,Shira Malka
Liat Ben-David,053-7507081,,27/04/2026,510,Carpet & Upholstery,Noa Peretz
Shira Azoulay,054-7962769,sazoulay@yahoo.com,27/04/2026,280,Standard Home Clean,Shira Malka
Daniel Ziv,,,28/04/2026,310,Standard Home Clean,Avi Dahan
Asaf Klein,053-3897513,asaf.klein@gmail.com,28/04/2026,270,Standard Home Clean,Shira Malka
Rachel Halevi,052-5449172,rachelh@yahoo.com,28/04/2026,300,Standard Home Clean,Noa Peretz
Ariel Hadad,,arielh@hotmail.com,28/04/2026,290,Standard Home Clean,Yossi Amar
Efrat Tal,058-5620119,efrat.tal@walla.co.il,28/04/2026,670,Deep Clean,Noa Peretz
Tom Golan,053-4929267,tomg@hotmail.com,28/04/2026,700,Deep Clean,Shira Malka
Tom Ziv,052-6596277,tomz@yahoo.com,28/04/2026,1870,Post-Renovation Clean,Noa Peretz
Ido Barak,,ido.barak@gmail.com,28/04/2026,1190,Move-in / Move-out Clean,Yossi Amar
Chen Cohen,054-4364500,chenc@outlook.com,29/04/2026,310,Standard Home Clean,Yossi Amar
Chen Cohen,054-4364500,chenc@outlook.com,29/04/2026,250,Balcony & Terrace,Yossi Amar
Matan Peretz,053-6300542,matan.peretz@yahoo.com,29/04/2026,310,Standard Home Clean,Yossi Amar
Matan Ziv,050-9505831,matanz@hotmail.com,29/04/2026,300,Standard Home Clean,Shira Malka
Emily Raz,053-5896104,,29/04/2026,270,Standard Home Clean,Noa Peretz
Avi Barak,054-1526916,avi.barak@walla.co.il,29/04/2026,300,Standard Home Clean,Shira Malka
Ido Cohen,053-2349396,idoc@gmail.com,29/04/2026,400,Airbnb Turnover,Yossi Amar
Itai Klein,,,29/04/2026,300,Airbnb Turnover,Noa Peretz
Efrat Sasson,050-5542668,efrat14@outlook.com,29/04/2026,380,Window Cleaning,Yossi Amar
Efrat Segal,,efrat.segal@yahoo.com,29/04/2026,250,Standard Home Clean,Avi Dahan
Tom Navon,053-8157781,tom.navon@walla.co.il,30/04/2026,240,Standard Home Clean,Yossi Amar
Hannah Stern,054-8170039,hannah.stern@outlook.com,30/04/2026,260,Standard Home Clean,Noa Peretz
Ethan Bar,058-7289328,ebar@outlook.com,30/04/2026,280,Standard Home Clean,Noa Peretz
Maya Segal,050-6583224,maya.segal@gmail.com,30/04/2026,280,Standard Home Clean,Avi Dahan
Yonatan Shapiro,058-6728679,yonatan.shapiro@gmail.com,30/04/2026,310,Airbnb Turnover,Avi Dahan
Dana Cohen,052-2605778,dana63@hotmail.com,30/04/2026,380,Window Cleaning,Shira Malka
Dana Biton,052-3788740,dana.biton@gmail.com,30/04/2026,480,Carpet & Upholstery,Avi Dahan
Moran Levi,054-9674950,moran.levi@outlook.com,01/05/2026,260,Standard Home Clean,Yossi Amar
Itai Halevi,054-6436839,,01/05/2026,270,Standard Home Clean,Avi Dahan
Dana Azoulay,058-7253082,dana80@gmail.com,01/05/2026,300,Standard Home Clean,Avi Dahan
Yossi Ben-David,054-8326784,yossi.bendavid@hotmail.com,01/05/2026,300,Standard Home Clean,Noa Peretz
Yossi Raz,054-5453983,yossir@outlook.com,01/05/2026,280,Standard Home Clean,Yossi Amar
Ran Klein,058-9969130,ran91@yahoo.com,01/05/2026,310,Airbnb Turnover,Noa Peretz
Orit Golan,050-3390604,,01/05/2026,330,Airbnb Turnover,Yossi Amar
Orit Goldberg (Bluefin Insurance),052-5042455,office@bluefininsurance.co.il,01/05/2026,2390,Monthly Office Contract,Yossi Amar
Ariel Elbaz (Shuk Coffee Roasters),058-8270836,office@shukcoffeeroasters.co.il,01/05/2026,2560,Monthly Office Contract,Yossi Amar
Ido Stern (Neve Tzedek Architects),053-2966902,office@nevetzedekarchitects.co.il,01/05/2026,2440,Monthly Office Contract,Noa Peretz
Daniel Katz (Yafo Yoga Loft),050-8600351,office@yafoyogaloft.co.il,01/05/2026,2140,Monthly Office Contract,Noa Peretz
Yossi Barak (Mint Coworking),053-3173331,office@mintcoworking.co.il,01/05/2026,2460,Monthly Office Contract,Noa Peretz
Yonatan Peretz (Pixel & Co.),053-6468834,office@pixelco.co.il,01/05/2026,2330,Monthly Office Contract,Shira Malka
Tamar Shapiro (Arlozorov Pilates),058-2562002,office@arlozorovpilates.co.il,01/05/2026,2390,Monthly Office Contract,Yossi Amar
Ben Malka (Bialik Design House),058-9166461,office@bialikdesignhouse.co.il,01/05/2026,2310,Monthly Office Contract,Yossi Amar
Gal Klein,052-4842904,gal24@yahoo.com,01/05/2026,1180,Move-in / Move-out Clean,Avi Dahan
Moran Weiss,058-2324596,,02/05/2026,260,Standard Home Clean,Noa Peretz
Jacob Friedman,052-1311388,jacob93@gmail.com,02/05/2026,270,Standard Home Clean,Avi Dahan
Hannah Sharabi,052-4666284,hannah.sharabi@outlook.com,02/05/2026,250,Standard Home Clean,Yossi Amar
Hannah Sharabi,052-4666284,hannah.sharabi@outlook.com,02/05/2026,150,Fridge & Oven Add-on,Noa Peretz
Eitan Weiss (Tel Aviv Dental Clinic),052-9052527,office@telavivdentalclinic.co.il,02/05/2026,2300,Monthly Office Contract,Avi Dahan
Hannah Hadad (Lev Pediatrics),054-6496368,office@levpediatrics.co.il,02/05/2026,2240,Monthly Office Contract,Avi Dahan
Sivan Goldberg,052-2194439,sivan.goldberg@walla.co.il,02/05/2026,360,Window Cleaning,Noa Peretz
Rachel Oz,052-6048568,rachel77@hotmail.com,02/05/2026,490,Carpet & Upholstery,Avi Dahan
David Cohen,053-9226312,dcohen@gmail.com,03/05/2026,250,Standard Home Clean,Yossi Amar
Michal Carmi,052-3319211,michal.carmi@outlook.com,03/05/2026,280,Standard Home Clean,Avi Dahan
Eitan Malka,,eitan.malka@gmail.com,03/05/2026,300,Standard Home Clean,Noa Peretz
Maya Gabay,052-1960961,maya.gabay@walla.co.il,03/05/2026,270,Standard Home Clean,Yossi Amar
Alon Levi,,,03/05/2026,270,Standard Home Clean,Avi Dahan
Alon Levi,,,03/05/2026,170,Fridge & Oven Add-on,Noa Peretz
Roni Ben-David,053-7602836,ronib@hotmail.com,03/05/2026,310,Standard Home Clean,Avi Dahan
Yossi Biton,058-6961890,ybiton@outlook.com,03/05/2026,340,Airbnb Turnover,Avi Dahan
Neta Oz (Hertzel Law Office),058-2677194,office@hertzellawoffice.co.il,03/05/2026,2490,Monthly Office Contract,Shira Malka
David Bar (Ramat Gan Physio),052-1173038,office@ramatganphysio.co.il,03/05/2026,2490,Monthly Office Contract,Shira Malka
Orit Barak (Kiryat Labs),058-1534245,office@kiryatlabs.co.il,03/05/2026,2740,Monthly Office Contract,Noa Peretz
Uri Sharabi (Carmel Real Estate),052-5016247,office@carmelrealestate.co.il,03/05/2026,2660,Monthly Office Contract,Avi Dahan
Merav Gabay (Oak Tree Kindergarten),058-8725429,office@oaktreekindergarten.co.il,03/05/2026,2380,Monthly Office Contract,Shira Malka
Keren Sasson,052-5278918,keren.sasson@outlook.com,04/05/2026,290,Standard Home Clean,Shira Malka
Elad Weiss,053-3874198,,04/05/2026,340,Airbnb Turnover,Avi Dahan
Ran Ohana,,,04/05/2026,260,Airbnb Turnover,Shira Malka
Inbar Weiss (Nordau Optics),052-8051920,office@nordauoptics.co.il,04/05/2026,1980,Monthly Office Contract,Yossi Amar
Matan Nachum (Sela Logistics),054-7011056,office@selalogistics.co.il,04/05/2026,2710,Monthly Office Contract,Avi Dahan
Rachel Weiss,058-6840827,rweiss@outlook.com,05/05/2026,270,Standard Home Clean,Shira Malka
Noa Ziv,050-7561712,nziv@hotmail.com,05/05/2026,240,Standard Home Clean,Shira Malka
Ayelet Amar,053-7715781,ayelet.amar@gmail.com,05/05/2026,280,Standard Home Clean,Noa Peretz
Hannah Klein,058-9420204,hannah87@hotmail.com,05/05/2026,310,Standard Home Clean,Yossi Amar
Shira Gabay,058-4187717,shira.gabay@yahoo.com,05/05/2026,320,Airbnb Turnover,Avi Dahan
Shira Levi,058-5938134,shira.levi@walla.co.il,05/05/2026,350,Airbnb Turnover,Shira Malka
Tom Raz (Studio Orbit),,office@studioorbit.co.il,05/05/2026,2500,Monthly Office Contract,Yossi Amar
Tamar Hadad (Gordon Accounting),052-3937855,office@gordonaccounting.co.il,05/05/2026,2480,Monthly Office Contract,Shira Malka
Gal Dahan (Herzliya Vet Center),058-9991570,office@herzliyavetcenter.co.il,05/05/2026,2300,Monthly Office Contract,Avi Dahan
Oren Dahan,050-9994877,,05/05/2026,510,Carpet & Upholstery,Shira Malka
Gal Navon,052-6094377,galn@outlook.com,05/05/2026,1160,Move-in / Move-out Clean,Shira Malka
Lior Ohana,058-7466827,lior.ohana@gmail.com,06/05/2026,300,Standard Home Clean,Shira Malka
Maya Ziv,053-9027657,maya.ziv@gmail.com,06/05/2026,310,Airbnb Turnover,Shira Malka
Yarden Peretz,058-8752767,yardenp@hotmail.com,06/05/2026,470,Carpet & Upholstery,Avi Dahan
Sarah Stern,058-2884084,sarah38@hotmail.com,06/05/2026,530,Carpet & Upholstery,Noa Peretz
Liat Peretz,050-6661478,,06/05/2026,1210,Move-in / Move-out Clean,Yossi Amar
Rachel Goldberg,050-9270380,,06/05/2026,1950,Post-Renovation Clean,Shira Malka
Rachel Biton,,rachel21@walla.co.il,07/05/2026,280,Standard Home Clean,Avi Dahan
Roni Bar,050-4362855,ronib@walla.co.il,07/05/2026,280,Standard Home Clean,Noa Peretz
Nadav Halevi,053-1809663,nhalevi@gmail.com,07/05/2026,280,Standard Home Clean,Shira Malka
Oren Cohen,050-6515915,oren.cohen@outlook.com,07/05/2026,290,Standard Home Clean,Noa Peretz
Oren Cohen,050-6515915,oren.cohen@outlook.com,07/05/2026,350,Window Cleaning,Avi Dahan
Dana Bar,052-3189782,danab@outlook.com,07/05/2026,330,Airbnb Turnover,Shira Malka
Matan Rosen,052-1298184,matan55@gmail.com,07/05/2026,280,Standard Home Clean,Shira Malka
Gal Golan,058-6899921,gal80@gmail.com,07/05/2026,350,Window Cleaning,Noa Peretz
Keren Shapiro,052-4985596,,08/05/2026,250,Standard Home Clean,Yossi Amar
Moran Bar,052-9360671,moranb@gmail.com,08/05/2026,260,Standard Home Clean,Noa Peretz
Moran Bar,052-9360671,moranb@gmail.com,08/05/2026,270,Balcony & Terrace,Avi Dahan
Avi Barak,054-1526916,avi.barak@walla.co.il,08/05/2026,270,Standard Home Clean,Yossi Amar
Shira Goldberg,052-5004231,shirag@yahoo.com,08/05/2026,280,Standard Home Clean,Avi Dahan
Ariel Klein,050-9567426,ariel90@gmail.com,08/05/2026,280,Standard Home Clean,Yossi Amar
Yossi Hadad,058-1991785,yossi85@outlook.com,08/05/2026,250,Standard Home Clean,Noa Peretz
Yonatan Friedman,052-8814949,yonatan.friedman@hotmail.com,08/05/2026,260,Standard Home Clean,Noa Peretz
Olivia Ben-David,058-1022113,olivia48@gmail.com,08/05/2026,710,Deep Clean,Avi Dahan
Keren Goldberg,054-4944862,kgoldberg@yahoo.com,09/05/2026,310,Standard Home Clean,Avi Dahan
Inbar Levi,054-2791042,ilevi@gmail.com,09/05/2026,260,Standard Home Clean,Shira Malka
Tamar Oz,052-1194705,tamar50@gmail.com,09/05/2026,300,Airbnb Turnover,Shira Malka
Ben Weiss,058-7653877,,09/05/2026,660,Deep Clean,Noa Peretz
Shai Cohen,054-1999423,shaic@yahoo.com,09/05/2026,410,Window Cleaning,Noa Peretz
Matan Peretz,053-6300542,matan.peretz@yahoo.com,10/05/2026,260,Standard Home Clean,Shira Malka
Omer Levi,053-7612344,omer64@walla.co.il,10/05/2026,300,Standard Home Clean,Noa Peretz
Omer Levi,053-7612344,omer64@walla.co.il,10/05/2026,180,Fridge & Oven Add-on,Yossi Amar
Itai Klein,,,10/05/2026,320,Airbnb Turnover,Shira Malka
Elad Amar,058-2010441,elad70@gmail.com,10/05/2026,600,Deep Clean,Noa Peretz
Rachel Gabay,058-6790012,rachel.gabay@gmail.com,11/05/2026,250,Standard Home Clean,Noa Peretz
Rachel Gabay,058-6790012,rachel.gabay@gmail.com,11/05/2026,440,Kitchen Deep Clean,Shira Malka
Ido Cohen,053-2349396,idoc@gmail.com,11/05/2026,300,Airbnb Turnover,Yossi Amar
Yonatan Shapiro,058-6728679,yonatan.shapiro@gmail.com,11/05/2026,330,Airbnb Turnover,Shira Malka
Eitan Weiss (Tel Aviv Dental Clinic),052-9052527,office@telavivdentalclinic.co.il,11/05/2026,1000,Office Cleaning,Noa Peretz
Rachel Malka,052-6133826,,11/05/2026,240,Standard Home Clean,Yossi Amar
Yonatan Amar,058-2215969,yonatana@gmail.com,11/05/2026,1860,Post-Renovation Clean,Noa Peretz
Moran Weiss,058-2324596,,12/05/2026,260,Standard Home Clean,Shira Malka
Moran Weiss,058-2324596,,12/05/2026,180,Fridge & Oven Add-on,Avi Dahan
Eitan Bar,058-3632523,ebar@walla.co.il,12/05/2026,280,Standard Home Clean,Avi Dahan
Keren Sharabi,053-9048156,keren.sharabi@hotmail.com,12/05/2026,270,Standard Home Clean,Noa Peretz
Ran Klein,058-9969130,ran91@yahoo.com,12/05/2026,300,Airbnb Turnover,Noa Peretz
Inbar Weiss (Nordau Optics),052-8051920,office@nordauoptics.co.il,12/05/2026,960,Office Cleaning,Yossi Amar
Shira Sharabi,053-4089536,shiras@hotmail.com,12/05/2026,710,Deep Clean,Yossi Amar
Oren Stern,058-1826072,oren.stern@hotmail.com,13/05/2026,260,Standard Home Clean,Noa Peretz
Rachel Vaknin,054-8466086,rachel61@hotmail.com,13/05/2026,330,Standard Home Clean,Noa Peretz
Rachel Vaknin,054-8466086,rachel61@hotmail.com,13/05/2026,200,Fridge & Oven Add-on,Shira Malka
Keren Sasson,052-5278918,keren.sasson@outlook.com,13/05/2026,290,Standard Home Clean,Noa Peretz
Adi Elbaz,050-4795998,,13/05/2026,250,Standard Home Clean,Yossi Amar
Ido Goldberg,052-5253682,igoldberg@gmail.com,13/05/2026,280,Standard Home Clean,Noa Peretz
Avi Hadad,,avi.hadad@hotmail.com,13/05/2026,280,Standard Home Clean,Noa Peretz
Yossi Biton,058-6961890,ybiton@outlook.com,13/05/2026,290,Airbnb Turnover,Avi Dahan
Ran Ohana,,,13/05/2026,310,Airbnb Turnover,Yossi Amar
Guy Halevi,054-5045837,guy.halevi@outlook.com,13/05/2026,250,Standard Home Clean,Shira Malka
Ayelet Dahan,054-2688117,ayelet.dahan@gmail.com,13/05/2026,1800,Post-Renovation Clean,Noa Peretz
Chen Cohen,054-4364500,chenc@outlook.com,14/05/2026,290,Standard Home Clean,Noa Peretz
Matan Ziv,050-9505831,matanz@hotmail.com,14/05/2026,320,Standard Home Clean,Yossi Amar
Matan Ziv,050-9505831,matanz@hotmail.com,14/05/2026,250,Balcony & Terrace,Avi Dahan
Keren Azoulay,052-9169756,kazoulay@walla.co.il,14/05/2026,270,Standard Home Clean,Shira Malka
Yael Sasson,050-3612673,yael74@yahoo.com,14/05/2026,300,Standard Home Clean,Noa Peretz
Yael Sasson,050-3612673,yael74@yahoo.com,14/05/2026,370,Window Cleaning,Avi Dahan
Alon Amar,050-5289482,aamar@outlook.com,14/05/2026,280,Standard Home Clean,Noa Peretz
Shira Gabay,058-4187717,shira.gabay@yahoo.com,14/05/2026,350,Airbnb Turnover,Yossi Amar
Orit Barak (Kiryat Labs),058-1534245,office@kiryatlabs.co.il,14/05/2026,920,Office Cleaning,Noa Peretz
Guy Carmi,058-7435997,guy85@gmail.com,14/05/2026,680,Deep Clean,Noa Peretz
Liat Ashkenazi,052-4112534,liata@walla.co.il,14/05/2026,670,Deep Clean,Avi Dahan
Lior Ohana,058-7466827,lior.ohana@gmail.com,15/05/2026,290,Standard Home Clean,Yossi Amar
David Cohen,053-9226312,dcohen@gmail.com,15/05/2026,320,Standard Home Clean,Avi Dahan
David Cohen,053-9226312,dcohen@gmail.com,15/05/2026,370,Window Cleaning,Shira Malka
Michal Carmi,052-3319211,michal.carmi@outlook.com,15/05/2026,290,Standard Home Clean,Yossi Amar
Jacob Friedman,052-1311388,jacob93@gmail.com,15/05/2026,280,Standard Home Clean,Avi Dahan
Jacob Friedman,052-1311388,jacob93@gmail.com,15/05/2026,150,Fridge & Oven Add-on,Noa Peretz
Hannah Friedman,052-4521128,hfriedman@outlook.com,15/05/2026,280,Standard Home Clean,Yossi Amar
Hannah Friedman,052-4521128,hfriedman@outlook.com,15/05/2026,160,Fridge & Oven Add-on,Yossi Amar
Emily Azoulay,050-3135388,emily16@gmail.com,15/05/2026,230,Standard Home Clean,Avi Dahan
Emily Azoulay,050-3135388,emily16@gmail.com,15/05/2026,640,Deep Clean,Avi Dahan
Keren Navon,050-5151669,keren34@gmail.com,15/05/2026,250,Standard Home Clean,Avi Dahan
Keren Ziv,058-1158605,keren.ziv@yahoo.com,15/05/2026,290,Standard Home Clean,Noa Peretz
Keren Ziv,058-1158605,keren.ziv@yahoo.com,15/05/2026,720,Deep Clean,Noa Peretz
Ido Halevi,053-5605743,ido.halevi@outlook.com,15/05/2026,260,Standard Home Clean,Noa Peretz
Hannah Ohana,053-1799533,hannaho@gmail.com,15/05/2026,260,Standard Home Clean,Avi Dahan
Orit Golan,050-3390604,,15/05/2026,350,Airbnb Turnover,Noa Peretz
Orit Goldberg (Bluefin Insurance),052-5042455,office@bluefininsurance.co.il,15/05/2026,930,Office Cleaning,Avi Dahan
Adi Dahan,052-3388474,,15/05/2026,1360,Move-in / Move-out Clean,Avi Dahan
Emily Raz,053-5896104,,16/05/2026,250,Standard Home Clean,Shira Malka
Daniel Ziv,,,16/05/2026,270,Standard Home Clean,Noa Peretz
Moran Levi,054-9674950,moran.levi@outlook.com,16/05/2026,260,Standard Home Clean,Yossi Amar
Moran Levi,054-9674950,moran.levi@outlook.com,16/05/2026,220,Balcony & Terrace,Yossi Amar
Neta Sasson,054-7140209,neta59@outlook.com,16/05/2026,280,Standard Home Clean,Yossi Amar
Neta Sasson,054-7140209,neta59@outlook.com,16/05/2026,670,Deep Clean,Shira Malka
Tom Raz (Studio Orbit),,office@studioorbit.co.il,16/05/2026,280,Window Cleaning,Shira Malka
Tamar Sasson,054-6497283,tamar.sasson@hotmail.com,16/05/2026,300,Standard Home Clean,Avi Dahan
Rachel Weiss,058-6840827,rweiss@outlook.com,17/05/2026,270,Standard Home Clean,Noa Peretz
Uri Biton,053-1978941,,17/05/2026,260,Standard Home Clean,Noa Peretz
Hila Avraham,053-2872006,hila.avraham@gmail.com,17/05/2026,250,Standard Home Clean,Shira Malka
Lior Mizrahi,053-4909415,,17/05/2026,270,Standard Home Clean,Yossi Amar
Lior Mizrahi,053-4909415,,17/05/2026,460,Kitchen Deep Clean,Shira Malka
Shai Golan,053-8862600,shai.golan@gmail.com,17/05/2026,300,Standard Home Clean,Shira Malka
Asaf Raz,058-2452542,asaf.raz@gmail.com,17/05/2026,340,Airbnb Turnover,Noa Peretz
Maya Ziv,053-9027657,maya.ziv@gmail.com,17/05/2026,330,Airbnb Turnover,Avi Dahan
Elad Weiss,053-3874198,,17/05/2026,360,Airbnb Turnover,Yossi Amar
Itai Klein,,,17/05/2026,320,Airbnb Turnover,Shira Malka
Yonatan Shapiro,058-6728679,yonatan.shapiro@gmail.com,17/05/2026,320,Airbnb Turnover,Shira Malka
Shira Levi,058-5938134,shira.levi@walla.co.il,17/05/2026,320,Airbnb Turnover,Yossi Amar
Gal Dahan (Herzliya Vet Center),058-9991570,office@herzliyavetcenter.co.il,17/05/2026,370,Window Cleaning,Shira Malka
Nathan Katz,054-8842567,nathan.katz@walla.co.il,17/05/2026,340,Window Cleaning,Noa Peretz
Sophie Nachum,058-9140180,snachum@yahoo.com,17/05/2026,370,Window Cleaning,Noa Peretz
Avi Ashkenazi,,avi.ashkenazi@gmail.com,17/05/2026,750,Deep Clean,Noa Peretz
Liat Rosen,050-8956892,liat.rosen@walla.co.il,17/05/2026,660,Deep Clean,Shira Malka
Eitan Malka,,eitan.malka@gmail.com,18/05/2026,280,Standard Home Clean,Shira Malka
Maya Gabay,052-1960961,maya.gabay@walla.co.il,18/05/2026,260,Standard Home Clean,Shira Malka
Maya Gabay,052-1960961,maya.gabay@walla.co.il,18/05/2026,240,Balcony & Terrace,Shira Malka
Olivia Raz,054-5540473,oraz@gmail.com,18/05/2026,290,Standard Home Clean,Noa Peretz
Olivia Raz,054-5540473,oraz@gmail.com,18/05/2026,160,Fridge & Oven Add-on,Shira Malka
Guy Goldberg,,guy.goldberg@gmail.com,18/05/2026,300,Standard Home Clean,Noa Peretz
Dana Bar,052-3189782,danab@outlook.com,18/05/2026,300,Airbnb Turnover,Shira Malka
Hannah Navon,058-9770193,hannah47@gmail.com,19/05/2026,250,Standard Home Clean,Shira Malka
Tamar Oz,052-1194705,tamar50@gmail.com,19/05/2026,340,Airbnb Turnover,Avi Dahan
Shai Shapiro,052-9027829,shai.shapiro@gmail.com,19/05/2026,400,Carpet & Upholstery,Avi Dahan
Rachel Raz,052-3803962,rachel61@gmail.com,20/05/2026,280,Standard Home Clean,Avi Dahan
Yarden Gabay,,yarden.gabay@yahoo.com,20/05/2026,240,Standard Home Clean,Yossi Amar
Liat Shapiro,050-9159613,liats@hotmail.com,20/05/2026,310,Standard Home Clean,Noa Peretz
Dana Malka,052-7451349,danam@gmail.com,20/05/2026,350,Window Cleaning,Noa Peretz
Uri Katz,050-8662113,uri.katz@gmail.com,20/05/2026,270,Standard Home Clean,Yossi Amar
Rachel Peretz,053-7305786,rachel.peretz@hotmail.com,21/05/2026,290,Standard Home Clean,Avi Dahan
Keren Mizrahi,050-3553689,,21/05/2026,670,Deep Clean,Yossi Amar
Keren Shapiro,052-4985596,,22/05/2026,270,Standard Home Clean,Shira Malka
Rachel Biton,,rachel21@walla.co.il,22/05/2026,280,Standard Home Clean,Noa Peretz
Roni Raz,050-3181261,ronir@outlook.com,22/05/2026,300,Standard Home Clean,Noa Peretz
Roni Raz,050-3181261,ronir@outlook.com,22/05/2026,350,Window Cleaning,Noa Peretz
Dana Oz,052-5323255,,22/05/2026,260,Standard Home Clean,Yossi Amar
Ran Klein,058-9969130,ran91@yahoo.com,22/05/2026,310,Airbnb Turnover,Yossi Amar
Olivia Bar,054-1176460,obar@yahoo.com,22/05/2026,430,Kitchen Deep Clean,Shira Malka
Alon Ben-David,050-6209401,alon32@yahoo.com,22/05/2026,470,Carpet & Upholstery,Avi Dahan
Ayelet Amar,053-7715781,ayelet.amar@gmail.com,23/05/2026,260,Standard Home Clean,Noa Peretz
Ayelet Amar,053-7715781,ayelet.amar@gmail.com,23/05/2026,360,Window Cleaning,Noa Peretz
Moran Bar,052-9360671,moranb@gmail.com,23/05/2026,270,Standard Home Clean,Avi Dahan
Avi Barak,054-1526916,avi.barak@walla.co.il,23/05/2026,300,Standard Home Clean,Noa Peretz
Adi Elbaz,050-4795998,,23/05/2026,290,Standard Home Clean,Avi Dahan
Hannah Stern,054-8170039,hannah.stern@outlook.com,23/05/2026,280,Standard Home Clean,Noa Peretz
Nathan Oz,058-1548413,nathan64@yahoo.com,23/05/2026,310,Standard Home Clean,Yossi Amar
Amit Vaknin,053-6177934,amit.vaknin@outlook.com,23/05/2026,300,Standard Home Clean,Avi Dahan
Alon Goldberg,058-9707480,alon42@outlook.com,23/05/2026,680,Deep Clean,Avi Dahan
Daniel Carmi,052-5017555,daniel47@yahoo.com,23/05/2026,660,Deep Clean,Yossi Amar
Lior Ohana,058-7466827,lior.ohana@gmail.com,24/05/2026,280,Standard Home Clean,Avi Dahan
Roni Bar,050-4362855,ronib@walla.co.il,24/05/2026,250,Standard Home Clean,Shira Malka
Noa Ziv,050-7561712,nziv@hotmail.com,24/05/2026,270,Standard Home Clean,Noa Peretz
Nadav Halevi,053-1809663,nhalevi@gmail.com,24/05/2026,290,Standard Home Clean,Noa Peretz
Nadav Halevi,053-1809663,nhalevi@gmail.com,24/05/2026,170,Fridge & Oven Add-on,Noa Peretz
Ethan Bar,058-7289328,ebar@outlook.com,24/05/2026,280,Standard Home Clean,Noa Peretz
Ethan Bar,058-7289328,ebar@outlook.com,24/05/2026,420,Kitchen Deep Clean,Noa Peretz
Orit Raz,053-9889801,orit84@hotmail.com,24/05/2026,230,Standard Home Clean,Shira Malka
Orit Raz,053-9889801,orit84@hotmail.com,24/05/2026,350,Window Cleaning,Avi Dahan
Merav Carmi,052-5002345,,24/05/2026,280,Standard Home Clean,Avi Dahan
Shira Gabay,058-4187717,shira.gabay@yahoo.com,24/05/2026,370,Airbnb Turnover,Yossi Amar
Yossi Biton,058-6961890,ybiton@outlook.com,24/05/2026,340,Airbnb Turnover,Shira Malka
Ran Ohana,,,24/05/2026,290,Airbnb Turnover,Yossi Amar
Tamar Amar,050-8550259,tamara@hotmail.com,24/05/2026,250,Standard Home Clean,Noa Peretz
Moran Weiss,058-2324596,,25/05/2026,270,Standard Home Clean,Shira Malka
Matan Peretz,053-6300542,matan.peretz@yahoo.com,25/05/2026,290,Standard Home Clean,Shira Malka
Matan Ziv,050-9505831,matanz@hotmail.com,25/05/2026,250,Standard Home Clean,Shira Malka
Matan Ziv,050-9505831,matanz@hotmail.com,25/05/2026,340,Window Cleaning,Shira Malka
Keren Sasson,052-5278918,keren.sasson@outlook.com,25/05/2026,290,Standard Home Clean,Yossi Amar
Hannah Sharabi,052-4666284,hannah.sharabi@outlook.com,25/05/2026,300,Standard Home Clean,Avi Dahan
Lior Vaknin,058-5794561,lvaknin@hotmail.com,25/05/2026,310,Standard Home Clean,Avi Dahan
Tom Raz (Studio Orbit),,office@studioorbit.co.il,25/05/2026,940,Office Cleaning,Shira Malka
Itai Halevi,054-6436839,,26/05/2026,270,Standard Home Clean,Noa Peretz
Oren Segal,054-6841623,,26/05/2026,310,Standard Home Clean,Shira Malka
Oren Segal,054-6841623,,26/05/2026,380,Window Cleaning,Shira Malka
Maya Segal,050-6583224,maya.segal@gmail.com,26/05/2026,260,Standard Home Clean,Yossi Amar
Maya Ziv,053-9027657,maya.ziv@gmail.com,26/05/2026,330,Airbnb Turnover,Shira Malka
Inbar Mizrahi,052-4662901,inbar59@gmail.com,26/05/2026,410,Kitchen Deep Clean,Noa Peretz
Oren Stern,058-1826072,oren.stern@hotmail.com,27/05/2026,260,Standard Home Clean,Noa Peretz
Oren Stern,058-1826072,oren.stern@hotmail.com,27/05/2026,250,Balcony & Terrace,Yossi Amar
Amit Biton,058-2077568,abiton@walla.co.il,27/05/2026,250,Standard Home Clean,Noa Peretz
Itai Klein,,,27/05/2026,330,Airbnb Turnover,Yossi Amar
Nathan Weiss,050-2869258,nathanw@gmail.com,27/05/2026,250,Standard Home Clean,Yossi Amar
Oren Peretz,054-7192714,orenp@hotmail.com,27/05/2026,700,Deep Clean,Avi Dahan
Ido Ben-David,058-6516922,ido.bendavid@walla.co.il,27/05/2026,1080,Move-in / Move-out Clean,Noa Peretz
David Cohen,053-9226312,dcohen@gmail.com,28/05/2026,240,Standard Home Clean,Noa Peretz
Roni Nachum,058-8018473,rnachum@hotmail.com,28/05/2026,270,Standard Home Clean,Noa Peretz
Dana Azoulay,058-7253082,dana80@gmail.com,28/05/2026,280,Standard Home Clean,Yossi Amar
Asaf Raz,058-2452542,asaf.raz@gmail.com,28/05/2026,290,Airbnb Turnover,Avi Dahan
Orit Golan,050-3390604,,28/05/2026,320,Airbnb Turnover,Yossi Amar
Noa Levi,058-3716646,noa.levi@gmail.com,28/05/2026,370,Window Cleaning,Avi Dahan
Nadav Vaknin,050-3869698,nadav18@gmail.com,28/05/2026,300,Window Cleaning,Avi Dahan
Olivia Navon,058-9104354,olivian@gmail.com,28/05/2026,1190,Move-in / Move-out Clean,Noa Peretz
Jacob Friedman,052-1311388,jacob93@gmail.com,29/05/2026,270,Standard Home Clean,Avi Dahan
Hannah Friedman,052-4521128,hfriedman@outlook.com,29/05/2026,280,Standard Home Clean,Noa Peretz
Rachel Vaknin,054-8466086,rachel61@hotmail.com,29/05/2026,280,Standard Home Clean,Noa Peretz
Tom Navon,053-8157781,tom.navon@walla.co.il,29/05/2026,320,Standard Home Clean,Noa Peretz
Alon Levi,,,29/05/2026,310,Standard Home Clean,Noa Peretz
Olivia Goldberg,052-5143029,olivia.goldberg@gmail.com,29/05/2026,290,Standard Home Clean,Yossi Amar
Olivia Goldberg,052-5143029,olivia.goldberg@gmail.com,29/05/2026,630,Deep Clean,Yossi Amar
Asaf Klein,053-3897513,asaf.klein@gmail.com,29/05/2026,250,Standard Home Clean,Yossi Amar
Eitan Vaknin,050-2935892,evaknin@gmail.com,29/05/2026,280,Standard Home Clean,Shira Malka
Hannah Shapiro,054-9657965,hannah43@outlook.com,29/05/2026,330,Standard Home Clean,Shira Malka
Shira Vaknin,050-8848214,shirav@outlook.com,29/05/2026,650,Deep Clean,Avi Dahan
Michal Carmi,052-3319211,michal.carmi@outlook.com,30/05/2026,290,Standard Home Clean,Yossi Amar
Eitan Malka,,eitan.malka@gmail.com,30/05/2026,280,Standard Home Clean,Shira Malka
Keren Goldberg,054-4944862,kgoldberg@yahoo.com,30/05/2026,320,Standard Home Clean,Shira Malka
Ariel Hadad,,arielh@hotmail.com,30/05/2026,260,Standard Home Clean,Yossi Amar
Ariel Hadad,,arielh@hotmail.com,30/05/2026,710,Deep Clean,Noa Peretz
Ran Stern,052-8098759,rans@hotmail.com,30/05/2026,250,Standard Home Clean,Avi Dahan
Chen Cohen,054-4364500,chenc@outlook.com,31/05/2026,290,Standard Home Clean,Avi Dahan
Rachel Weiss,058-6840827,rweiss@outlook.com,31/05/2026,260,Standard Home Clean,Yossi Amar
Ran Katz,054-1002150,rank@gmail.com,31/05/2026,300,Standard Home Clean,Yossi Amar
Elad Weiss,053-3874198,,31/05/2026,330,Airbnb Turnover,Shira Malka
Dana Bar,052-3189782,danab@outlook.com,31/05/2026,310,Airbnb Turnover,Avi Dahan
Yonatan Shapiro,058-6728679,yonatan.shapiro@gmail.com,31/05/2026,300,Airbnb Turnover,Avi Dahan
Tamar Oz,052-1194705,tamar50@gmail.com,31/05/2026,330,Airbnb Turnover,Shira Malka
Shira Levi,058-5938134,shira.levi@walla.co.il,31/05/2026,320,Airbnb Turnover,Yossi Amar
Itai Weiss,058-7497341,itai.weiss@yahoo.com,31/05/2026,1370,Move-in / Move-out Clean,Yossi Amar
Lior Ohana,058-7466827,lior.ohana@gmail.com,01/06/2026,280,Standard Home Clean,Shira Malka
Rachel Raz,052-3803962,rachel61@gmail.com,01/06/2026,290,Standard Home Clean,Noa Peretz
Olivia Raz,054-5540473,oraz@gmail.com,01/06/2026,290,Standard Home Clean,Yossi Amar
Omer Levi,053-7612344,omer64@walla.co.il,01/06/2026,280,Standard Home Clean,Yossi Amar
Matan Malka,,matanm@gmail.com,01/06/2026,280,Standard Home Clean,Yossi Amar
Olivia Amar,,oamar@yahoo.com,01/06/2026,280,Standard Home Clean,Shira Malka
Yossi Raz,054-5453983,yossir@outlook.com,01/06/2026,270,Standard Home Clean,Noa Peretz
Orit Goldberg (Bluefin Insurance),052-5042455,office@bluefininsurance.co.il,01/06/2026,2240,Monthly Office Contract,Yossi Amar
Ariel Elbaz (Shuk Coffee Roasters),058-8270836,office@shukcoffeeroasters.co.il,01/06/2026,2290,Monthly Office Contract,Noa Peretz
Ido Stern (Neve Tzedek Architects),053-2966902,office@nevetzedekarchitects.co.il,01/06/2026,2540,Monthly Office Contract,Shira Malka
Daniel Katz (Yafo Yoga Loft),050-8600351,office@yafoyogaloft.co.il,01/06/2026,2640,Monthly Office Contract,Noa Peretz
Yossi Barak (Mint Coworking),053-3173331,office@mintcoworking.co.il,01/06/2026,2530,Monthly Office Contract,Avi Dahan
Yonatan Peretz (Pixel & Co.),053-6468834,office@pixelco.co.il,01/06/2026,2360,Monthly Office Contract,Noa Peretz
Tamar Shapiro (Arlozorov Pilates),058-2562002,office@arlozorovpilates.co.il,01/06/2026,2300,Monthly Office Contract,Yossi Amar
Ben Malka (Bialik Design House),058-9166461,office@bialikdesignhouse.co.il,01/06/2026,2610,Monthly Office Contract,Noa Peretz
Noa Oz,052-5572669,noa.oz@outlook.com,01/06/2026,340,Window Cleaning,Yossi Amar
Orit Shapiro,058-2980861,orit.shapiro@walla.co.il,01/06/2026,420,Kitchen Deep Clean,Noa Peretz
Shai Stern,054-9041032,shai.stern@gmail.com,01/06/2026,670,Deep Clean,Yossi Amar
Emily Raz,053-5896104,,02/06/2026,240,Standard Home Clean,Shira Malka
Maya Gabay,052-1960961,maya.gabay@walla.co.il,02/06/2026,240,Standard Home Clean,Noa Peretz
Yonatan Friedman,052-8814949,yonatan.friedman@hotmail.com,02/06/2026,280,Standard Home Clean,Noa Peretz
Ido Cohen,053-2349396,idoc@gmail.com,02/06/2026,370,Airbnb Turnover,Avi Dahan
Eitan Weiss (Tel Aviv Dental Clinic),052-9052527,office@telavivdentalclinic.co.il,02/06/2026,2200,Monthly Office Contract,Shira Malka
Hannah Hadad (Lev Pediatrics),054-6496368,office@levpediatrics.co.il,02/06/2026,2460,Monthly Office Contract,Avi Dahan
David Malka,053-3568614,dmalka@yahoo.com,02/06/2026,1760,Post-Renovation Clean,Yossi Amar
Moran Levi,054-9674950,moran.levi@outlook.com,03/06/2026,260,Standard Home Clean,Yossi Amar
Adi Elbaz,050-4795998,,03/06/2026,270,Standard Home Clean,Shira Malka
Shira Goldberg,052-5004231,shirag@yahoo.com,03/06/2026,280,Standard Home Clean,Avi Dahan
Oren Cohen,050-6515915,oren.cohen@outlook.com,03/06/2026,280,Standard Home Clean,Noa Peretz
Neta Oz (Hertzel Law Office),058-2677194,office@hertzellawoffice.co.il,03/06/2026,2440,Monthly Office Contract,Noa Peretz
David Bar (Ramat Gan Physio),052-1173038,office@ramatganphysio.co.il,03/06/2026,2060,Monthly Office Contract,Noa Peretz
Orit Barak (Kiryat Labs),058-1534245,office@kiryatlabs.co.il,03/06/2026,2480,Monthly Office Contract,Yossi Amar
Uri Sharabi (Carmel Real Estate),052-5016247,office@carmelrealestate.co.il,03/06/2026,2060,Monthly Office Contract,Noa Peretz
Merav Gabay (Oak Tree Kindergarten),058-8725429,office@oaktreekindergarten.co.il,03/06/2026,2590,Monthly Office Contract,Yossi Amar
Adi Ashkenazi,054-4514360,adia@gmail.com,03/06/2026,540,Deep Clean,Yossi Amar
Keren Shapiro,052-4985596,,04/06/2026,290,Standard Home Clean,Yossi Amar
Daniel Ziv,,,04/06/2026,280,Standard Home Clean,Avi Dahan
Shira Gabay,058-4187717,shira.gabay@yahoo.com,04/06/2026,340,Airbnb Turnover,Noa Peretz
Yossi Biton,058-6961890,ybiton@outlook.com,04/06/2026,270,Airbnb Turnover,Shira Malka
Inbar Weiss (Nordau Optics),052-8051920,office@nordauoptics.co.il,04/06/2026,2400,Monthly Office Contract,Noa Peretz
Matan Nachum (Sela Logistics),054-7011056,office@selalogistics.co.il,04/06/2026,2380,Monthly Office Contract,Shira Malka
Yarden Vaknin,058-4852494,yarden.vaknin@walla.co.il,04/06/2026,700,Deep Clean,Noa Peretz
Yossi Ben-David,054-8326784,yossi.bendavid@hotmail.com,05/06/2026,300,Standard Home Clean,Shira Malka
Asaf Raz,058-2452542,asaf.raz@gmail.com,05/06/2026,290,Airbnb Turnover,Yossi Amar
Ran Klein,058-9969130,ran91@yahoo.com,05/06/2026,290,Airbnb Turnover,Yossi Amar
Tom Raz (Studio Orbit),,office@studioorbit.co.il,05/06/2026,2200,Monthly Office Contract,Yossi Amar
Tamar Hadad (Gordon Accounting),052-3937855,office@gordonaccounting.co.il,05/06/2026,2390,Monthly Office Contract,Noa Peretz
Gal Dahan (Herzliya Vet Center),058-9991570,office@herzliyavetcenter.co.il,05/06/2026,2530,Monthly Office Contract,Avi Dahan
Rachel Biton,,rachel21@walla.co.il,06/06/2026,240,Standard Home Clean,Yossi Amar
Ayelet Amar,053-7715781,ayelet.amar@gmail.com,06/06/2026,240,Standard Home Clean,Yossi Amar
Ayelet Amar,053-7715781,ayelet.amar@gmail.com,06/06/2026,160,Fridge & Oven Add-on,Noa Peretz
Keren Sasson,052-5278918,keren.sasson@outlook.com,06/06/2026,290,Standard Home Clean,Avi Dahan
Roni Ben-David,053-7602836,ronib@hotmail.com,06/06/2026,280,Standard Home Clean,Shira Malka
Yossi Hadad,058-1991785,yossi85@outlook.com,06/06/2026,270,Standard Home Clean,Avi Dahan
Yossi Hadad,058-1991785,yossi85@outlook.com,06/06/2026,410,Kitchen Deep Clean,Noa Peretz
Ran Ohana,,,06/06/2026,330,Airbnb Turnover,Noa Peretz
Guy Navon,053-4136244,guy53@hotmail.com,06/06/2026,460,Carpet & Upholstery,Noa Peretz
Moran Weiss,058-2324596,,07/06/2026,290,Standard Home Clean,Noa Peretz
Roni Sasson,054-3452812,,07/06/2026,270,Standard Home Clean,Shira Malka
Keren Azoulay,052-9169756,kazoulay@walla.co.il,07/06/2026,250,Standard Home Clean,Yossi Amar
Shira Levi,058-5938134,shira.levi@walla.co.il,07/06/2026,320,Airbnb Turnover,Avi Dahan
Merav Raz,,merav.raz@walla.co.il,07/06/2026,520,Carpet & Upholstery,Noa Peretz
Sophie Mizrahi,053-3260310,sophiem@gmail.com,07/06/2026,370,Window Cleaning,Avi Dahan
Yael Halevi,,yael.halevi@walla.co.il,07/06/2026,1440,Move-in / Move-out Clean,Shira Malka
Matan Peretz,053-6300542,matan.peretz@yahoo.com,08/06/2026,270,Standard Home Clean,Shira Malka
Emily Azoulay,050-3135388,emily16@gmail.com,08/06/2026,310,Standard Home Clean,Yossi Amar
Rachel Gabay,058-6790012,rachel.gabay@gmail.com,08/06/2026,280,Standard Home Clean,Yossi Amar
Rachel Gabay,058-6790012,rachel.gabay@gmail.com,08/06/2026,180,Fridge & Oven Add-on,Yossi Amar
Shai Golan,053-8862600,shai.golan@gmail.com,08/06/2026,270,Standard Home Clean,Avi Dahan
Maya Ziv,053-9027657,maya.ziv@gmail.com,08/06/2026,280,Airbnb Turnover,Avi Dahan
Tamar Oz,052-1194705,tamar50@gmail.com,08/06/2026,370,Airbnb Turnover,Yossi Amar
Moran Tal,054-2466442,,08/06/2026,700,Deep Clean,Shira Malka
Matan Ziv,050-9505831,matanz@hotmail.com,09/06/2026,240,Standard Home Clean,Avi Dahan
Michal Carmi,052-3319211,michal.carmi@outlook.com,09/06/2026,280,Standard Home Clean,Yossi Amar
Roni Bar,050-4362855,ronib@walla.co.il,09/06/2026,270,Standard Home Clean,Shira Malka
Moran Bar,052-9360671,moranb@gmail.com,09/06/2026,280,Standard Home Clean,Noa Peretz
Jacob Friedman,052-1311388,jacob93@gmail.com,09/06/2026,260,Standard Home Clean,Yossi Amar
Keren Sharabi,053-9048156,keren.sharabi@hotmail.com,09/06/2026,260,Standard Home Clean,Yossi Amar
Elad Weiss,053-3874198,,09/06/2026,340,Airbnb Turnover,Noa Peretz
David Cohen,053-9226312,dcohen@gmail.com,10/06/2026,270,Standard Home Clean,Yossi Amar
Hannah Klein,058-9420204,hannah87@hotmail.com,10/06/2026,260,Standard Home Clean,Noa Peretz
Hannah Klein,058-9420204,hannah87@hotmail.com,10/06/2026,630,Deep Clean,Avi Dahan
Ariel Klein,050-9567426,ariel90@gmail.com,10/06/2026,300,Standard Home Clean,Noa Peretz
Keren Navon,050-5151669,keren34@gmail.com,10/06/2026,300,Standard Home Clean,Noa Peretz
Keren Navon,050-5151669,keren34@gmail.com,10/06/2026,370,Kitchen Deep Clean,Avi Dahan
Itai Klein,,,10/06/2026,320,Airbnb Turnover,Yossi Amar
Yonatan Peretz (Pixel & Co.),053-6468834,office@pixelco.co.il,10/06/2026,400,Window Cleaning,Shira Malka
Ben Malka (Bialik Design House),058-9166461,office@bialikdesignhouse.co.il,10/06/2026,980,Office Cleaning,Shira Malka
Ran Ziv,050-1813522,ran.ziv@yahoo.com,10/06/2026,480,Carpet & Upholstery,Shira Malka
Rachel Mizrahi,053-1376662,rmizrahi@outlook.com,10/06/2026,1330,Move-in / Move-out Clean,Avi Dahan
Noa Ziv,050-7561712,nziv@hotmail.com,11/06/2026,260,Balcony & Terrace,Shira Malka
Oren Stern,058-1826072,oren.stern@hotmail.com,11/06/2026,260,Standard Home Clean,Shira Malka
Ido Goldberg,052-5253682,igoldberg@gmail.com,11/06/2026,270,Standard Home Clean,Yossi Amar
Dana Bar,052-3189782,danab@outlook.com,11/06/2026,320,Airbnb Turnover,Shira Malka
Orit Barak (Kiryat Labs),058-1534245,office@kiryatlabs.co.il,11/06/2026,840,Office Cleaning,Yossi Amar
Elad Levi,052-7431990,elad49@gmail.com,11/06/2026,440,Kitchen Deep Clean,Shira Malka
Jacob Ziv,050-1012923,jziv@hotmail.com,11/06/2026,250,Standard Home Clean,Shira Malka
Rachel Weiss,058-6840827,rweiss@outlook.com,12/06/2026,290,Standard Home Clean,Yossi Amar
Nadav Halevi,053-1809663,nhalevi@gmail.com,12/06/2026,340,Standard Home Clean,Yossi Amar
Nadav Halevi,053-1809663,nhalevi@gmail.com,12/06/2026,320,Balcony & Terrace,Avi Dahan
Yael Sasson,050-3612673,yael74@yahoo.com,12/06/2026,320,Standard Home Clean,Avi Dahan
Hannah Raz,,hannah.raz@walla.co.il,12/06/2026,430,Carpet & Upholstery,Yossi Amar
Olivia Tal,053-7870726,oliviat@yahoo.com,12/06/2026,490,Carpet & Upholstery,Noa Peretz
Oren Shapiro,054-4569126,oshapiro@hotmail.com,12/06/2026,1070,Move-in / Move-out Clean,Yossi Amar
Lior Ohana,058-7466827,lior.ohana@gmail.com,13/06/2026,300,Standard Home Clean,Yossi Amar
Eitan Bar,058-3632523,ebar@walla.co.il,13/06/2026,270,Standard Home Clean,Shira Malka
Yossi Segal,050-5413121,yossi39@yahoo.com,13/06/2026,290,Standard Home Clean,Shira Malka
Roni Amar,058-7329900,ronia@gmail.com,13/06/2026,280,Standard Home Clean,Noa Peretz
Roni Amar,058-7329900,ronia@gmail.com,13/06/2026,180,Fridge & Oven Add-on,Avi Dahan
Inbar Levi,054-2791042,ilevi@gmail.com,13/06/2026,300,Standard Home Clean,Noa Peretz
Hannah Ohana,053-1799533,hannaho@gmail.com,13/06/2026,270,Standard Home Clean,Avi Dahan
Avi Hadad,,avi.hadad@hotmail.com,13/06/2026,280,Standard Home Clean,Yossi Amar
Orit Goldberg (Bluefin Insurance),052-5042455,office@bluefininsurance.co.il,13/06/2026,690,Office Cleaning,Shira Malka
Asaf Malka,058-7087873,asaf.malka@hotmail.com,13/06/2026,340,Window Cleaning,Noa Peretz
Eitan Malka,,eitan.malka@gmail.com,14/06/2026,290,Standard Home Clean,Noa Peretz
Ido Cohen,053-2349396,idoc@gmail.com,14/06/2026,290,Airbnb Turnover,Noa Peretz
Shira Levi,058-5938134,shira.levi@walla.co.il,14/06/2026,280,Airbnb Turnover,Noa Peretz
Itai Navon,058-8439520,itain@walla.co.il,14/06/2026,1860,Post-Renovation Clean,Avi Dahan
Neta Avraham,058-6957099,neta.avraham@gmail.com,14/06/2026,1240,Move-in / Move-out Clean,Noa Peretz
Rachel Raz,052-3803962,rachel61@gmail.com,15/06/2026,300,Standard Home Clean,Avi Dahan
Ran Katz,054-1002150,rank@gmail.com,15/06/2026,270,Standard Home Clean,Shira Malka
Hannah Friedman,052-4521128,hfriedman@outlook.com,15/06/2026,280,Standard Home Clean,Avi Dahan
Adi Elbaz,050-4795998,,15/06/2026,270,Standard Home Clean,Yossi Amar
Adi Elbaz,050-4795998,,15/06/2026,250,Balcony & Terrace,Noa Peretz
Olivia Raz,054-5540473,oraz@gmail.com,15/06/2026,260,Standard Home Clean,Shira Malka
Olivia Raz,054-5540473,oraz@gmail.com,15/06/2026,230,Balcony & Terrace,Shira Malka
Uri Biton,053-1978941,,15/06/2026,280,Standard Home Clean,Noa Peretz
Ariel Elbaz (Shuk Coffee Roasters),058-8270836,office@shukcoffeeroasters.co.il,15/06/2026,810,Office Cleaning,Yossi Amar
Rachel Biton,,rachel21@walla.co.il,16/06/2026,270,Standard Home Clean,Yossi Amar
Rachel Biton,,rachel21@walla.co.il,16/06/2026,230,Balcony & Terrace,Yossi Amar
Emily Raz,053-5896104,,16/06/2026,280,Standard Home Clean,Avi Dahan
Guy Goldberg,,guy.goldberg@gmail.com,16/06/2026,250,Standard Home Clean,Yossi Amar
Ido Halevi,053-5605743,ido.halevi@outlook.com,16/06/2026,240,Standard Home Clean,Yossi Amar
Ido Halevi,053-5605743,ido.halevi@outlook.com,16/06/2026,360,Window Cleaning,Yossi Amar
Uri Sharabi (Carmel Real Estate),052-5016247,office@carmelrealestate.co.il,16/06/2026,830,Office Cleaning,Avi Dahan
Efrat Biton,052-1752541,ebiton@gmail.com,16/06/2026,1290,Move-in / Move-out Clean,Noa Peretz
Moran Weiss,058-2324596,,17/06/2026,280,Standard Home Clean,Shira Malka
Hannah Sharabi,052-4666284,hannah.sharabi@outlook.com,17/06/2026,290,Standard Home Clean,Shira Malka
Hila Avraham,053-2872006,hila.avraham@gmail.com,17/06/2026,320,Standard Home Clean,Noa Peretz
Ran Klein,058-9969130,ran91@yahoo.com,17/06/2026,310,Airbnb Turnover,Avi Dahan
Hannah Navon,058-9770193,hannah47@gmail.com,18/06/2026,300,Standard Home Clean,Shira Malka
Hannah Navon,058-9770193,hannah47@gmail.com,18/06/2026,160,Fridge & Oven Add-on,Noa Peretz
Hannah Stern,054-8170039,hannah.stern@outlook.com,18/06/2026,290,Standard Home Clean,Avi Dahan
Alon Amar,050-5289482,aamar@outlook.com,18/06/2026,290,Standard Home Clean,Noa Peretz
Dana Bar,052-3189782,danab@outlook.com,18/06/2026,330,Airbnb Turnover,Shira Malka
Orit Golan,050-3390604,,18/06/2026,340,Airbnb Turnover,Avi Dahan
Ran Ohana,,,18/06/2026,320,Airbnb Turnover,Noa Peretz
Orit Amar,053-9944412,,18/06/2026,610,Deep Clean,Avi Dahan
Efrat Stern,050-3452593,efrat.stern@walla.co.il,18/06/2026,370,Window Cleaning,Shira Malka
Yarden Raz,050-3810545,yarden.raz@gmail.com,18/06/2026,1190,Move-in / Move-out Clean,Yossi Amar
Adi Weiss,052-6866164,adiw@walla.co.il,18/06/2026,1320,Move-in / Move-out Clean,Shira Malka
Matan Peretz,053-6300542,matan.peretz@yahoo.com,19/06/2026,280,Standard Home Clean,Avi Dahan
Moran Levi,054-9674950,moran.levi@outlook.com,19/06/2026,280,Standard Home Clean,Noa Peretz
Yarden Gabay,,yarden.gabay@yahoo.com,19/06/2026,280,Standard Home Clean,Yossi Amar
Amit Vaknin,053-6177934,amit.vaknin@outlook.com,19/06/2026,270,Standard Home Clean,Shira Malka
Lior Mizrahi,053-4909415,,19/06/2026,250,Standard Home Clean,Yossi Amar
Itai Klein,,,19/06/2026,340,Airbnb Turnover,Noa Peretz
Dana Halevi,052-9303641,dana.halevi@outlook.com,19/06/2026,400,Kitchen Deep Clean,Shira Malka
Chen Goldberg,050-2700604,,19/06/2026,670,Deep Clean,Noa Peretz
Keren Shapiro,052-4985596,,20/06/2026,270,Standard Home Clean,Avi Dahan
Keren Shapiro,052-4985596,,20/06/2026,170,Fridge & Oven Add-on,Noa Peretz
Daniel Ziv,,,20/06/2026,290,Standard Home Clean,Yossi Amar
Maya Gabay,052-1960961,maya.gabay@walla.co.il,20/06/2026,280,Standard Home Clean,Noa Peretz
Keren Sasson,052-5278918,keren.sasson@outlook.com,20/06/2026,280,Standard Home Clean,Shira Malka
Rachel Peretz,053-7305786,rachel.peretz@hotmail.com,20/06/2026,270,Standard Home Clean,Noa Peretz
Keren Ziv,058-1158605,keren.ziv@yahoo.com,20/06/2026,260,Standard Home Clean,Avi Dahan
Neta Sasson,054-7140209,neta59@outlook.com,20/06/2026,260,Standard Home Clean,Noa Peretz
Maya Ziv,053-9027657,maya.ziv@gmail.com,20/06/2026,290,Airbnb Turnover,Yossi Amar
Hannah Katz,050-9174304,hkatz@gmail.com,20/06/2026,510,Carpet & Upholstery,Shira Malka
Roni Bar,050-4362855,ronib@walla.co.il,21/06/2026,310,Standard Home Clean,Shira Malka
Jacob Friedman,052-1311388,jacob93@gmail.com,21/06/2026,310,Standard Home Clean,Noa Peretz
Shira Levi,058-5938134,shira.levi@walla.co.il,21/06/2026,330,Airbnb Turnover,Yossi Amar
Orit Barak (Kiryat Labs),058-1534245,office@kiryatlabs.co.il,21/06/2026,300,Window Cleaning,Shira Malka
Sarah Sharabi,053-9949611,sarah.sharabi@outlook.com,21/06/2026,230,Standard Home Clean,Yossi Amar
Lior Levi,053-5799428,lior.levi@gmail.com,21/06/2026,630,Deep Clean,Yossi Amar
David Cohen,053-9226312,dcohen@gmail.com,22/06/2026,300,Standard Home Clean,Yossi Amar
Avi Barak,054-1526916,avi.barak@walla.co.il,22/06/2026,280,Standard Home Clean,Noa Peretz
Tom Navon,053-8157781,tom.navon@walla.co.il,22/06/2026,250,Standard Home Clean,Shira Malka
Omer Levi,053-7612344,omer64@walla.co.il,22/06/2026,290,Standard Home Clean,Shira Malka
Liat Shapiro,050-9159613,liats@hotmail.com,22/06/2026,280,Standard Home Clean,Yossi Amar
Keren Goldberg,054-4944862,kgoldberg@yahoo.com,22/06/2026,270,Standard Home Clean,Noa Peretz
Shira Gabay,058-4187717,shira.gabay@yahoo.com,22/06/2026,330,Airbnb Turnover,Noa Peretz
Lior Ohana,058-7466827,lior.ohana@gmail.com,23/06/2026,280,Standard Home Clean,Noa Peretz
Matan Ziv,050-9505831,matanz@hotmail.com,23/06/2026,240,Standard Home Clean,Avi Dahan
Rachel Weiss,058-6840827,rweiss@outlook.com,23/06/2026,290,Standard Home Clean,Noa Peretz
Moran Bar,052-9360671,moranb@gmail.com,23/06/2026,300,Standard Home Clean,Avi Dahan
Roni Raz,050-3181261,ronir@outlook.com,23/06/2026,300,Standard Home Clean,Noa Peretz
Dana Oz,052-5323255,,23/06/2026,280,Standard Home Clean,Yossi Amar
Lior Vaknin,058-5794561,lvaknin@hotmail.com,23/06/2026,300,Standard Home Clean,Yossi Amar
Elad Weiss,053-3874198,,23/06/2026,340,Airbnb Turnover,Noa Peretz
Liat Vaknin,054-1588395,liat75@walla.co.il,23/06/2026,300,Window Cleaning,Shira Malka
Michal Carmi,052-3319211,michal.carmi@outlook.com,24/06/2026,300,Standard Home Clean,Avi Dahan
Ethan Bar,058-7289328,ebar@outlook.com,24/06/2026,290,Standard Home Clean,Yossi Amar
Asaf Raz,058-2452542,asaf.raz@gmail.com,24/06/2026,320,Airbnb Turnover,Noa Peretz
Efrat Segal,,efrat.segal@yahoo.com,24/06/2026,620,Deep Clean,Shira Malka
Sophie Carmi,053-1265605,,24/06/2026,370,Window Cleaning,Shira Malka
Ayelet Amar,053-7715781,ayelet.amar@gmail.com,25/06/2026,280,Standard Home Clean,Avi Dahan
Itai Halevi,054-6436839,,25/06/2026,300,Standard Home Clean,Noa Peretz
Merav Carmi,052-5002345,,25/06/2026,290,Standard Home Clean,Yossi Amar
Merav Carmi,052-5002345,,25/06/2026,470,Kitchen Deep Clean,Avi Dahan
Yossi Biton,058-6961890,ybiton@outlook.com,25/06/2026,300,Airbnb Turnover,Shira Malka
Orit Golan,050-3390604,,25/06/2026,330,Airbnb Turnover,Yossi Amar
Asaf Sasson,053-5498264,asaf.sasson@gmail.com,25/06/2026,590,Deep Clean,Shira Malka
Itai Mizrahi,058-3968309,itai49@yahoo.com,25/06/2026,330,Window Cleaning,Yossi Amar
Avi Rosen,058-1339242,avi.rosen@yahoo.com,25/06/2026,290,Standard Home Clean,Noa Peretz
Rachel Raz,052-3803962,rachel61@gmail.com,26/06/2026,290,Standard Home Clean,Shira Malka
Olivia Goldberg,052-5143029,olivia.goldberg@gmail.com,26/06/2026,250,Standard Home Clean,Noa Peretz
Nathan Oz,058-1548413,nathan64@yahoo.com,26/06/2026,300,Standard Home Clean,Shira Malka
Nathan Oz,058-1548413,nathan64@yahoo.com,26/06/2026,190,Fridge & Oven Add-on,Yossi Amar
Ido Cohen,053-2349396,idoc@gmail.com,26/06/2026,290,Airbnb Turnover,Noa Peretz
Itai Klein,,,26/06/2026,320,Airbnb Turnover,Shira Malka
Rachel Biton,,rachel21@walla.co.il,27/06/2026,310,Standard Home Clean,Shira Malka
Ariel Hadad,,arielh@hotmail.com,27/06/2026,260,Standard Home Clean,Yossi Amar
Ran Ohana,,,27/06/2026,340,Airbnb Turnover,Shira Malka
Efrat Sasson,050-5542668,efrat14@outlook.com,27/06/2026,380,Window Cleaning,Yossi Amar
Itai Hadad,052-9764959,itai72@gmail.com,27/06/2026,1160,Move-in / Move-out Clean,Shira Malka
Eitan Raz,052-7100326,eitan.raz@outlook.com,27/06/2026,1280,Move-in / Move-out Clean,Yossi Amar
Adi Elbaz,050-4795998,,28/06/2026,280,Standard Home Clean,Avi Dahan
Roni Nachum,058-8018473,rnachum@hotmail.com,28/06/2026,290,Standard Home Clean,Avi Dahan
Alon Levi,,,28/06/2026,290,Standard Home Clean,Shira Malka
Dana Azoulay,058-7253082,dana80@gmail.com,28/06/2026,290,Standard Home Clean,Noa Peretz
Oren Segal,054-6841623,,28/06/2026,260,Standard Home Clean,Avi Dahan
Orit Raz,053-9889801,orit84@hotmail.com,28/06/2026,270,Standard Home Clean,Shira Malka
Oren Cohen,050-6515915,oren.cohen@outlook.com,28/06/2026,270,Standard Home Clean,Yossi Amar
Maya Segal,050-6583224,maya.segal@gmail.com,28/06/2026,290,Standard Home Clean,Yossi Amar
Tamar Oz,052-1194705,tamar50@gmail.com,28/06/2026,370,Airbnb Turnover,Yossi Amar
Nadav Halevi,053-1809663,nhalevi@gmail.com,29/06/2026,290,Standard Home Clean,Yossi Amar
Nadav Halevi,053-1809663,nhalevi@gmail.com,29/06/2026,170,Fridge & Oven Add-on,Shira Malka
Oren Stern,058-1826072,oren.stern@hotmail.com,29/06/2026,310,Standard Home Clean,Noa Peretz
Keren Azoulay,052-9169756,kazoulay@walla.co.il,29/06/2026,290,Standard Home Clean,Shira Malka
Asaf Klein,053-3897513,asaf.klein@gmail.com,29/06/2026,290,Standard Home Clean,Yossi Amar
Eitan Vaknin,050-2935892,evaknin@gmail.com,29/06/2026,270,Standard Home Clean,Noa Peretz
Ariel Shapiro,052-9587380,ariels@outlook.com,29/06/2026,610,Deep Clean,Yossi Amar
Ran Katz,054-1002150,rank@gmail.com,30/06/2026,260,Standard Home Clean,Shira Malka
Hannah Friedman,052-4521128,hfriedman@outlook.com,30/06/2026,250,Standard Home Clean,Yossi Amar
Hannah Friedman,052-4521128,hfriedman@outlook.com,30/06/2026,270,Balcony & Terrace,Avi Dahan
Yonatan Friedman,052-8814949,yonatan.friedman@hotmail.com,30/06/2026,270,Standard Home Clean,Shira Malka
Yonatan Friedman,052-8814949,yonatan.friedman@hotmail.com,30/06/2026,180,Fridge & Oven Add-on,Avi Dahan
Hannah Shapiro,054-9657965,hannah43@outlook.com,30/06/2026,280,Standard Home Clean,Noa Peretz
Ran Klein,058-9969130,ran91@yahoo.com,30/06/2026,280,Airbnb Turnover,Avi Dahan
Ariel Golan,050-8677686,agolan@gmail.com,30/06/2026,460,Carpet & Upholstery,Avi Dahan
Inbar Shapiro,054-9931095,inbar.shapiro@outlook.com,30/06/2026,660,Deep Clean,Noa Peretz
Eitan Malka,,eitan.malka@gmail.com,01/07/2026,300,Standard Home Clean,Avi Dahan
Olivia Raz,054-5540473,oraz@gmail.com,01/07/2026,320,Standard Home Clean,Noa Peretz
Orit Goldberg (Bluefin Insurance),052-5042455,office@bluefininsurance.co.il,01/07/2026,2520,Monthly Office Contract,Yossi Amar
Ariel Elbaz (Shuk Coffee Roasters),058-8270836,office@shukcoffeeroasters.co.il,01/07/2026,2490,Monthly Office Contract,Noa Peretz
Ido Stern (Neve Tzedek Architects),053-2966902,office@nevetzedekarchitects.co.il,01/07/2026,2260,Monthly Office Contract,Shira Malka
Daniel Katz (Yafo Yoga Loft),050-8600351,office@yafoyogaloft.co.il,01/07/2026,2410,Monthly Office Contract,Shira Malka
Yossi Barak (Mint Coworking),053-3173331,office@mintcoworking.co.il,01/07/2026,2520,Monthly Office Contract,Yossi Amar
Yonatan Peretz (Pixel & Co.),053-6468834,office@pixelco.co.il,01/07/2026,2470,Monthly Office Contract,Shira Malka
Tamar Shapiro (Arlozorov Pilates),058-2562002,office@arlozorovpilates.co.il,01/07/2026,2440,Monthly Office Contract,Yossi Amar
Ben Malka (Bialik Design House),058-9166461,office@bialikdesignhouse.co.il,01/07/2026,2240,Monthly Office Contract,Shira Malka
Keren Katz,050-8771296,keren.katz@gmail.com,01/07/2026,1860,Post-Renovation Clean,Yossi Amar
Moran Weiss,058-2324596,,02/07/2026,290,Standard Home Clean,Avi Dahan
Chen Cohen,054-4364500,chenc@outlook.com,02/07/2026,330,Standard Home Clean,Shira Malka
Lior Ohana,058-7466827,lior.ohana@gmail.com,02/07/2026,260,Standard Home Clean,Avi Dahan
Noa Ziv,050-7561712,nziv@hotmail.com,02/07/2026,300,Standard Home Clean,Avi Dahan
Emily Raz,053-5896104,,02/07/2026,270,Standard Home Clean,Avi Dahan
Keren Sasson,052-5278918,keren.sasson@outlook.com,02/07/2026,270,Standard Home Clean,Avi Dahan
Amit Biton,058-2077568,abiton@walla.co.il,02/07/2026,260,Standard Home Clean,Yossi Amar
Eitan Weiss (Tel Aviv Dental Clinic),052-9052527,office@telavivdentalclinic.co.il,02/07/2026,2520,Monthly Office Contract,Shira Malka
Hannah Hadad (Lev Pediatrics),054-6496368,office@levpediatrics.co.il,02/07/2026,2570,Monthly Office Contract,Yossi Amar
Orit Nachum,053-9735774,orit.nachum@outlook.com,02/07/2026,660,Deep Clean,Noa Peretz
Matan Peretz,053-6300542,matan.peretz@yahoo.com,03/07/2026,280,Standard Home Clean,Noa Peretz
Yossi Raz,054-5453983,yossir@outlook.com,03/07/2026,260,Standard Home Clean,Avi Dahan
Elad Weiss,053-3874198,,03/07/2026,340,Airbnb Turnover,Yossi Amar
Orit Golan,050-3390604,,03/07/2026,310,Airbnb Turnover,Noa Peretz
Neta Oz (Hertzel Law Office),058-2677194,office@hertzellawoffice.co.il,03/07/2026,2440,Monthly Office Contract,Avi Dahan
David Bar (Ramat Gan Physio),052-1173038,office@ramatganphysio.co.il,03/07/2026,2340,Monthly Office Contract,Noa Peretz
Orit Barak (Kiryat Labs),058-1534245,office@kiryatlabs.co.il,03/07/2026,2540,Monthly Office Contract,Noa Peretz
Uri Sharabi (Carmel Real Estate),052-5016247,office@carmelrealestate.co.il,03/07/2026,2280,Monthly Office Contract,Avi Dahan
Merav Gabay (Oak Tree Kindergarten),058-8725429,office@oaktreekindergarten.co.il,03/07/2026,2530,Monthly Office Contract,Noa Peretz
Matan Ziv,050-9505831,matanz@hotmail.com,04/07/2026,290,Standard Home Clean,Shira Malka
Matan Ziv,050-9505831,matanz@hotmail.com,04/07/2026,240,Balcony & Terrace,Avi Dahan
Shira Goldberg,052-5004231,shirag@yahoo.com,04/07/2026,290,Standard Home Clean,Shira Malka
Emily Azoulay,050-3135388,emily16@gmail.com,04/07/2026,290,Standard Home Clean,Avi Dahan
Yossi Hadad,058-1991785,yossi85@outlook.com,04/07/2026,280,Standard Home Clean,Avi Dahan
Maya Ziv,053-9027657,maya.ziv@gmail.com,04/07/2026,300,Airbnb Turnover,Avi Dahan
Inbar Weiss (Nordau Optics),052-8051920,office@nordauoptics.co.il,04/07/2026,2590,Monthly Office Contract,Noa Peretz
Matan Nachum (Sela Logistics),054-7011056,office@selalogistics.co.il,04/07/2026,2410,Monthly Office Contract,Avi Dahan
Keren Shapiro,052-4985596,,05/07/2026,290,Standard Home Clean,Shira Malka
Roni Bar,050-4362855,ronib@walla.co.il,05/07/2026,270,Standard Home Clean,Avi Dahan
Jacob Friedman,052-1311388,jacob93@gmail.com,05/07/2026,290,Standard Home Clean,Noa Peretz
Jacob Friedman,052-1311388,jacob93@gmail.com,05/07/2026,370,Window Cleaning,Avi Dahan
Shai Golan,053-8862600,shai.golan@gmail.com,05/07/2026,270,Standard Home Clean,Shira Malka
Ido Cohen,053-2349396,idoc@gmail.com,05/07/2026,300,Airbnb Turnover,Avi Dahan
Shira Levi,058-5938134,shira.levi@walla.co.il,05/07/2026,300,Airbnb Turnover,Yossi Amar
Tom Raz (Studio Orbit),,office@studioorbit.co.il,05/07/2026,2580,Monthly Office Contract,Shira Malka
Tamar Hadad (Gordon Accounting),052-3937855,office@gordonaccounting.co.il,05/07/2026,1880,Monthly Office Contract,Avi Dahan
Gal Dahan (Herzliya Vet Center),058-9991570,office@herzliyavetcenter.co.il,05/07/2026,2650,Monthly Office Contract,Avi Dahan
Shai Cohen,054-1999423,shaic@yahoo.com,05/07/2026,660,Deep Clean,Shira Malka
Lior Elbaz,053-7426030,lior.elbaz@outlook.com,05/07/2026,1840,Post-Renovation Clean,Yossi Amar
Moran Bar,052-9360671,moranb@gmail.com,06/07/2026,300,Standard Home Clean,Shira Malka
Moran Bar,052-9360671,moranb@gmail.com,06/07/2026,160,Fridge & Oven Add-on,Noa Peretz
Matan Malka,,matanm@gmail.com,06/07/2026,260,Standard Home Clean,Yossi Amar
Olivia Amar,,oamar@yahoo.com,06/07/2026,270,Standard Home Clean,Shira Malka
Ran Ohana,,,06/07/2026,330,Airbnb Turnover,Yossi Amar
Chen Bar,058-3037032,chen.bar@yahoo.com,06/07/2026,390,Kitchen Deep Clean,Avi Dahan
Rachel Weiss,058-6840827,rweiss@outlook.com,07/07/2026,300,Standard Home Clean,Yossi Amar
David Cohen,053-9226312,dcohen@gmail.com,07/07/2026,260,Standard Home Clean,Shira Malka
David Cohen,053-9226312,dcohen@gmail.com,07/07/2026,350,Window Cleaning,Yossi Amar
Keren Navon,050-5151669,keren34@gmail.com,07/07/2026,350,Standard Home Clean,Shira Malka
Ido Goldberg,052-5253682,igoldberg@gmail.com,07/07/2026,280,Standard Home Clean,Shira Malka
Itai Klein,,,07/07/2026,310,Airbnb Turnover,Yossi Amar
Yael Gabay,054-3110676,yael.gabay@gmail.com,07/07/2026,350,Window Cleaning,Noa Peretz
Chen Sharabi,054-7847400,chen.sharabi@gmail.com,07/07/2026,390,Window Cleaning,Yossi Amar
Nathan Malka,054-9069640,nathan84@gmail.com,07/07/2026,560,Carpet & Upholstery,Noa Peretz
Daniel Ziv,,,08/07/2026,260,Standard Home Clean,Noa Peretz
Daniel Ziv,,,08/07/2026,340,Window Cleaning,Shira Malka
Moran Levi,054-9674950,moran.levi@outlook.com,08/07/2026,280,Standard Home Clean,Shira Malka
David Amar,054-6183435,damar@gmail.com,08/07/2026,250,Standard Home Clean,Shira Malka
Maya Gabay,052-1960961,maya.gabay@walla.co.il,08/07/2026,280,Standard Home Clean,Noa Peretz
Avi Barak,054-1526916,avi.barak@walla.co.il,08/07/2026,280,Standard Home Clean,Yossi Amar
Adi Elbaz,050-4795998,,08/07/2026,270,Standard Home Clean,Noa Peretz
Hannah Sharabi,052-4666284,hannah.sharabi@outlook.com,08/07/2026,290,Standard Home Clean,Yossi Amar
Roni Ben-David,053-7602836,ronib@hotmail.com,08/07/2026,300,Standard Home Clean,Yossi Amar
Michal Carmi,052-3319211,michal.carmi@outlook.com,09/07/2026,240,Standard Home Clean,Yossi Amar
Ayelet Amar,053-7715781,ayelet.amar@gmail.com,09/07/2026,280,Standard Home Clean,Avi Dahan
Ayelet Amar,053-7715781,ayelet.amar@gmail.com,09/07/2026,250,Balcony & Terrace,Shira Malka
Rachel Gabay,058-6790012,rachel.gabay@gmail.com,09/07/2026,280,Standard Home Clean,Shira Malka
Yossi Ben-David,054-8326784,yossi.bendavid@hotmail.com,09/07/2026,290,Standard Home Clean,Shira Malka
Tamar Oz,052-1194705,tamar50@gmail.com,09/07/2026,280,Airbnb Turnover,Noa Peretz
Noa Dahan,053-8398289,noa.dahan@gmail.com,09/07/2026,510,Carpet & Upholstery,Shira Malka
Adi Shapiro,052-7094093,adis@hotmail.com,09/07/2026,1570,Post-Renovation Clean,Noa Peretz
Rachel Biton,,rachel21@walla.co.il,10/07/2026,280,Standard Home Clean,Shira Malka
Rachel Raz,052-3803962,rachel61@gmail.com,10/07/2026,300,Standard Home Clean,Yossi Amar
Ariel Klein,050-9567426,ariel90@gmail.com,10/07/2026,280,Standard Home Clean,Shira Malka
Ariel Klein,050-9567426,ariel90@gmail.com,10/07/2026,460,Kitchen Deep Clean,Noa Peretz
Keren Sharabi,053-9048156,keren.sharabi@hotmail.com,10/07/2026,340,Standard Home Clean,Yossi Amar
Hannah Ohana,053-1799533,hannaho@gmail.com,10/07/2026,270,Standard Home Clean,Noa Peretz
Ran Oz,053-8308874,ran.oz@gmail.com,10/07/2026,280,Standard Home Clean,Shira Malka
Shira Gabay,058-4187717,shira.gabay@yahoo.com,10/07/2026,320,Airbnb Turnover,Noa Peretz
Orit Golan,050-3390604,,10/07/2026,330,Airbnb Turnover,Noa Peretz
David Bar (Ramat Gan Physio),052-1173038,office@ramatganphysio.co.il,10/07/2026,350,Window Cleaning,Yossi Amar
Daniel Oz,054-8131133,,10/07/2026,340,Window Cleaning,Noa Peretz
Keren Sasson,052-5278918,keren.sasson@outlook.com,11/07/2026,300,Standard Home Clean,Yossi Amar
Roni Sasson,054-3452812,,11/07/2026,270,Standard Home Clean,Shira Malka
Eitan Bar,058-3632523,ebar@walla.co.il,11/07/2026,280,Standard Home Clean,Shira Malka
Eitan Bar,058-3632523,ebar@walla.co.il,11/07/2026,320,Window Cleaning,Yossi Amar
Ethan Carmi,058-2599808,ethan.carmi@yahoo.com,11/07/2026,290,Standard Home Clean,Shira Malka
Yossi Segal,050-5413121,yossi39@yahoo.com,11/07/2026,280,Standard Home Clean,Shira Malka
Ran Klein,058-9969130,ran91@yahoo.com,11/07/2026,310,Airbnb Turnover,Avi Dahan
Dana Bar,052-3189782,danab@outlook.com,11/07/2026,300,Airbnb Turnover,Yossi Amar
Nathan Weiss,050-2869258,nathanw@gmail.com,11/07/2026,320,Window Cleaning,Yossi Amar
Keren Ashkenazi,053-6753266,,11/07/2026,330,Window Cleaning,Shira Malka
Yael Ben-David,052-4941462,yaelb@yahoo.com,11/07/2026,340,Window Cleaning,Avi Dahan
Lior Ohana,058-7466827,lior.ohana@gmail.com,12/07/2026,300,Standard Home Clean,Avi Dahan
Yarden Malka,058-1385217,yardenm@walla.co.il,12/07/2026,490,Carpet & Upholstery,Noa Peretz
Dana Klein,052-2374294,dklein@hotmail.com,12/07/2026,700,Deep Clean,Shira Malka
Hila Avraham,053-2872006,hila.avraham@gmail.com,13/07/2026,320,Standard Home Clean,Yossi Amar
Asaf Raz,058-2452542,asaf.raz@gmail.com,13/07/2026,320,Airbnb Turnover,Noa Peretz
Elad Weiss,053-3874198,,13/07/2026,360,Airbnb Turnover,Avi Dahan
Guy Cohen,050-9617406,gcohen@gmail.com,13/07/2026,230,Standard Home Clean,Shira Malka
Yossi Levi,050-5347446,ylevi@gmail.com,13/07/2026,1300,Move-in / Move-out Clean,Shira Malka
Nadav Halevi,053-1809663,nhalevi@gmail.com,14/07/2026,290,Standard Home Clean,Noa Peretz
Oren Stern,058-1826072,oren.stern@hotmail.com,14/07/2026,300,Standard Home Clean,Shira Malka
Hannah Klein,058-9420204,hannah87@hotmail.com,14/07/2026,270,Standard Home Clean,Noa Peretz
Omer Levi,053-7612344,omer64@walla.co.il,14/07/2026,290,Standard Home Clean,Yossi Amar
Yael Sasson,050-3612673,yael74@yahoo.com,14/07/2026,240,Standard Home Clean,Yossi Amar
Yael Sasson,050-3612673,yael74@yahoo.com,14/07/2026,320,Window Cleaning,Shira Malka
Shira Levi,058-5938134,shira.levi@walla.co.il,14/07/2026,370,Airbnb Turnover,Noa Peretz
Avi Nachum,052-9275449,avi89@outlook.com,14/07/2026,270,Standard Home Clean,Yossi Amar
Efrat Sharabi,053-3627778,efrats@hotmail.com,14/07/2026,450,Carpet & Upholstery,Noa Peretz
Shira Stern,050-6730093,shira.stern@gmail.com,14/07/2026,410,Kitchen Deep Clean,Noa Peretz
Jacob Segal,058-3542184,jacob40@gmail.com,14/07/2026,320,Standard Home Clean,Shira Malka
Shai Ashkenazi,058-3212848,sashkenazi@yahoo.com,14/07/2026,520,Carpet & Upholstery,Yossi Amar
Moran Weiss,058-2324596,,15/07/2026,290,Standard Home Clean,Shira Malka
Matan Ziv,050-9505831,matanz@hotmail.com,15/07/2026,280,Standard Home Clean,Shira Malka
Keren Goldberg,054-4944862,kgoldberg@yahoo.com,15/07/2026,270,Standard Home Clean,Avi Dahan
Inbar Katz,054-9569998,inbar.katz@gmail.com,15/07/2026,620,Deep Clean,Yossi Amar
Oren Bar,058-9486733,oren.bar@gmail.com,15/07/2026,660,Deep Clean,Shira Malka
Hannah Friedman,052-4521128,hfriedman@outlook.com,16/07/2026,310,Standard Home Clean,Avi Dahan
Hannah Navon,058-9770193,hannah47@gmail.com,16/07/2026,280,Standard Home Clean,Shira Malka
Amit Vaknin,053-6177934,amit.vaknin@outlook.com,16/07/2026,310,Standard Home Clean,Yossi Amar
Maya Ziv,053-9027657,maya.ziv@gmail.com,16/07/2026,310,Airbnb Turnover,Avi Dahan
Yossi Biton,058-6961890,ybiton@outlook.com,16/07/2026,310,Airbnb Turnover,Avi Dahan
Ido Stern (Neve Tzedek Architects),053-2966902,office@nevetzedekarchitects.co.il,16/07/2026,860,Office Cleaning,Yossi Amar
Yonatan Peretz (Pixel & Co.),053-6468834,office@pixelco.co.il,16/07/2026,850,Office Cleaning,Yossi Amar
Emily Raz,053-5896104,,17/07/2026,300,Standard Home Clean,Shira Malka
Ran Katz,054-1002150,rank@gmail.com,17/07/2026,270,Standard Home Clean,Avi Dahan
Eitan Malka,,eitan.malka@gmail.com,17/07/2026,250,Standard Home Clean,Noa Peretz
Jacob Friedman,052-1311388,jacob93@gmail.com,17/07/2026,260,Standard Home Clean,Avi Dahan
Olivia Raz,054-5540473,oraz@gmail.com,17/07/2026,330,Standard Home Clean,Shira Malka
Uri Biton,053-1978941,,17/07/2026,250,Standard Home Clean,Avi Dahan
Noa Rosen,054-2545525,noa.rosen@outlook.com,17/07/2026,270,Standard Home Clean,Noa Peretz
Roni Amar,058-7329900,ronia@gmail.com,17/07/2026,280,Standard Home Clean,Noa Peretz
Uri Sharabi (Carmel Real Estate),052-5016247,office@carmelrealestate.co.il,17/07/2026,390,Window Cleaning,Noa Peretz
Orit Azoulay,053-8038197,,17/07/2026,620,Deep Clean,Yossi Amar
Chen Cohen,054-4364500,chenc@outlook.com,18/07/2026,300,Standard Home Clean,Yossi Amar
Matan Peretz,053-6300542,matan.peretz@yahoo.com,18/07/2026,270,Standard Home Clean,Avi Dahan
Avi Hadad,,avi.hadad@hotmail.com,18/07/2026,290,Standard Home Clean,Yossi Amar
Ran Ohana,,,18/07/2026,300,Airbnb Turnover,Noa Peretz
Orit Goldberg (Bluefin Insurance),052-5042455,office@bluefininsurance.co.il,18/07/2026,900,Office Cleaning,Shira Malka
Merav Gabay (Oak Tree Kindergarten),058-8725429,office@oaktreekindergarten.co.il,18/07/2026,910,Office Cleaning,Shira Malka
Lior Ohana,058-7466827,lior.ohana@gmail.com,19/07/2026,300,Standard Home Clean,Shira Malka
Lior Ohana,058-7466827,lior.ohana@gmail.com,19/07/2026,220,Balcony & Terrace,Yossi Amar
Tom Navon,053-8157781,tom.navon@walla.co.il,19/07/2026,270,Standard Home Clean,Avi Dahan
Tom Navon,053-8157781,tom.navon@walla.co.il,19/07/2026,380,Window Cleaning,Yossi Amar
Hannah Stern,054-8170039,hannah.stern@outlook.com,19/07/2026,310,Standard Home Clean,Noa Peretz
Hannah Stern,054-8170039,hannah.stern@outlook.com,19/07/2026,330,Window Cleaning,Avi Dahan
Rachel Halevi,052-5449172,rachelh@yahoo.com,19/07/2026,260,Standard Home Clean,Shira Malka
Guy Goldberg,,guy.goldberg@gmail.com,19/07/2026,270,Standard Home Clean,Shira Malka
Asaf Raz,058-2452542,asaf.raz@gmail.com,19/07/2026,280,Airbnb Turnover,Noa Peretz
Shira Gabay,058-4187717,shira.gabay@yahoo.com,19/07/2026,310,Airbnb Turnover,Noa Peretz
Elad Weiss,053-3874198,,19/07/2026,290,Airbnb Turnover,Yossi Amar
Emily Goldberg,054-4851761,emily.goldberg@hotmail.com,19/07/2026,1210,Move-in / Move-out Clean,Yossi Amar
Keren Shapiro,052-4985596,,20/07/2026,260,Standard Home Clean,Yossi Amar
Rachel Weiss,058-6840827,rweiss@outlook.com,20/07/2026,270,Standard Home Clean,Avi Dahan
Rachel Raz,052-3803962,rachel61@gmail.com,20/07/2026,260,Standard Home Clean,Avi Dahan
Moran Bar,052-9360671,moranb@gmail.com,20/07/2026,270,Standard Home Clean,Noa Peretz
Liat Shapiro,050-9159613,liats@hotmail.com,20/07/2026,300,Standard Home Clean,Yossi Amar
Alon Amar,050-5289482,aamar@outlook.com,20/07/2026,270,Standard Home Clean,Avi Dahan
Itai Klein,,,20/07/2026,330,Airbnb Turnover,Avi Dahan
Dana Bar,052-3189782,danab@outlook.com,20/07/2026,280,Airbnb Turnover,Noa Peretz
Shira Carmi,053-3137264,shira94@yahoo.com,20/07/2026,640,Deep Clean,Noa Peretz
David Cohen,053-9226312,dcohen@gmail.com,21/07/2026,300,Standard Home Clean,Avi Dahan
Avi Barak,054-1526916,avi.barak@walla.co.il,21/07/2026,300,Standard Home Clean,Avi Dahan
Adi Elbaz,050-4795998,,21/07/2026,290,Standard Home Clean,Avi Dahan
Itai Halevi,054-6436839,,21/07/2026,310,Standard Home Clean,Noa Peretz
Inbar Levi,054-2791042,ilevi@gmail.com,21/07/2026,270,Standard Home Clean,Avi Dahan
Olivia Katz,053-2425134,okatz@outlook.com,21/07/2026,430,Kitchen Deep Clean,Yossi Amar
Roni Bar,050-4362855,ronib@walla.co.il,22/07/2026,300,Standard Home Clean,Yossi Amar
Daniel Ziv,,,22/07/2026,310,Standard Home Clean,Yossi Amar
Keren Sasson,052-5278918,keren.sasson@outlook.com,22/07/2026,250,Standard Home Clean,Yossi Amar
Keren Azoulay,052-9169756,kazoulay@walla.co.il,22/07/2026,300,Standard Home Clean,Noa Peretz
Keren Azoulay,052-9169756,kazoulay@walla.co.il,22/07/2026,170,Fridge & Oven Add-on,Noa Peretz
Ido Halevi,053-5605743,ido.halevi@outlook.com,22/07/2026,260,Standard Home Clean,Shira Malka
Amit Sharabi,053-6325714,amit.sharabi@outlook.com,22/07/2026,250,Standard Home Clean,Avi Dahan
Amit Sharabi,053-6325714,amit.sharabi@outlook.com,22/07/2026,380,Window Cleaning,Shira Malka
Rachel Biton,,rachel21@walla.co.il,23/07/2026,240,Standard Home Clean,Avi Dahan
David Amar,054-6183435,damar@gmail.com,23/07/2026,270,Standard Home Clean,Yossi Amar
Rachel Peretz,053-7305786,rachel.peretz@hotmail.com,23/07/2026,250,Standard Home Clean,Yossi Amar
Lior Mizrahi,053-4909415,,23/07/2026,260,Standard Home Clean,Yossi Amar
Ido Stern (Neve Tzedek Architects),053-2966902,office@nevetzedekarchitects.co.il,23/07/2026,350,Window Cleaning,Yossi Amar
Ran Stern,052-8098759,rans@hotmail.com,23/07/2026,350,Kitchen Deep Clean,Avi Dahan
Keren Oz,054-6716002,koz@gmail.com,23/07/2026,700,Deep Clean,Yossi Amar
Michal Carmi,052-3319211,michal.carmi@outlook.com,24/07/2026,280,Standard Home Clean,Avi Dahan
Noa Ziv,050-7561712,nziv@hotmail.com,24/07/2026,300,Standard Home Clean,Yossi Amar
Yarden Gabay,,yarden.gabay@yahoo.com,24/07/2026,260,Standard Home Clean,Avi Dahan
Neta Sasson,054-7140209,neta59@outlook.com,24/07/2026,250,Standard Home Clean,Yossi Amar
Yonatan Friedman,052-8814949,yonatan.friedman@hotmail.com,24/07/2026,320,Standard Home Clean,Noa Peretz
Orit Golan,050-3390604,,24/07/2026,340,Airbnb Turnover,Shira Malka
Yael Hadad,052-7398151,yael.hadad@gmail.com,24/07/2026,510,Carpet & Upholstery,Shira Malka
Lior Vaknin,058-5794561,lvaknin@hotmail.com,25/07/2026,290,Standard Home Clean,Avi Dahan
Lior Vaknin,058-5794561,lvaknin@hotmail.com,25/07/2026,180,Fridge & Oven Add-on,Shira Malka
Oren Cohen,050-6515915,oren.cohen@outlook.com,25/07/2026,280,Standard Home Clean,Noa Peretz
Ido Cohen,053-2349396,idoc@gmail.com,25/07/2026,310,Airbnb Turnover,Yossi Amar
Asaf Raz,058-2452542,asaf.raz@gmail.com,25/07/2026,350,Airbnb Turnover,Yossi Amar
Elad Weiss,053-3874198,,25/07/2026,270,Airbnb Turnover,Noa Peretz
Shai Avraham,052-2433578,shai71@yahoo.com,25/07/2026,340,Window Cleaning,Noa Peretz
Moran Weiss,058-2324596,,26/07/2026,280,Standard Home Clean,Yossi Amar
Keren Ziv,058-1158605,keren.ziv@yahoo.com,26/07/2026,270,Standard Home Clean,Noa Peretz
Asaf Dahan,053-2002412,asaf.dahan@walla.co.il,26/07/2026,280,Standard Home Clean,Noa Peretz
Asaf Dahan,053-2002412,asaf.dahan@walla.co.il,26/07/2026,340,Window Cleaning,Avi Dahan
Ariel Hadad,,arielh@hotmail.com,26/07/2026,310,Standard Home Clean,Noa Peretz
Shira Gabay,058-4187717,shira.gabay@yahoo.com,26/07/2026,320,Airbnb Turnover,Yossi Amar
Shira Levi,058-5938134,shira.levi@walla.co.il,26/07/2026,300,Airbnb Turnover,Yossi Amar
Shira Avraham,050-1694525,shira62@gmail.com,26/07/2026,530,Deep Clean,Shira Malka
Matan Ziv,050-9505831,matanz@hotmail.com,27/07/2026,240,Standard Home Clean,Shira Malka
Maya Gabay,052-1960961,maya.gabay@walla.co.il,27/07/2026,310,Standard Home Clean,Avi Dahan
Maya Gabay,052-1960961,maya.gabay@walla.co.il,27/07/2026,380,Window Cleaning,Noa Peretz
Roni Raz,050-3181261,ronir@outlook.com,27/07/2026,300,Standard Home Clean,Yossi Amar
Ethan Bar,058-7289328,ebar@outlook.com,27/07/2026,250,Standard Home Clean,Shira Malka
Yossi Biton,058-6961890,ybiton@outlook.com,27/07/2026,360,Airbnb Turnover,Shira Malka
Efrat Tal,058-5620119,efrat.tal@walla.co.il,27/07/2026,280,Standard Home Clean,Noa Peretz
Moran Levi,054-9674950,moran.levi@outlook.com,28/07/2026,340,Standard Home Clean,Yossi Amar
Ayelet Amar,053-7715781,ayelet.amar@gmail.com,28/07/2026,270,Standard Home Clean,Noa Peretz
Ayelet Amar,053-7715781,ayelet.amar@gmail.com,28/07/2026,160,Fridge & Oven Add-on,Yossi Amar
Dana Oz,052-5323255,,28/07/2026,290,Standard Home Clean,Yossi Amar
Dana Oz,052-5323255,,28/07/2026,170,Fridge & Oven Add-on,Yossi Amar
Alon Levi,,,28/07/2026,300,Standard Home Clean,Noa Peretz
Alon Levi,,,28/07/2026,200,Fridge & Oven Add-on,Shira Malka
Olivia Goldberg,052-5143029,olivia.goldberg@gmail.com,28/07/2026,310,Standard Home Clean,Yossi Amar
Asaf Klein,053-3897513,asaf.klein@gmail.com,28/07/2026,290,Standard Home Clean,Avi Dahan
Ben Weiss,058-7653877,,28/07/2026,730,Deep Clean,Yossi Amar
Yonatan Azoulay,053-7538383,yazoulay@hotmail.com,28/07/2026,470,Carpet & Upholstery,Yossi Amar
Shai Carmi,054-3597913,shaic@gmail.com,28/07/2026,480,Carpet & Upholstery,Yossi Amar
Jacob Friedman,052-1311388,jacob93@gmail.com,29/07/2026,270,Standard Home Clean,Noa Peretz
Hannah Sharabi,052-4666284,hannah.sharabi@outlook.com,29/07/2026,270,Standard Home Clean,Avi Dahan
Dana Azoulay,058-7253082,dana80@gmail.com,29/07/2026,300,Standard Home Clean,Avi Dahan
Dana Bar,052-3189782,danab@outlook.com,29/07/2026,330,Airbnb Turnover,Yossi Amar
Ran Ohana,,,29/07/2026,340,Airbnb Turnover,Noa Peretz
Tamar Oz,052-1194705,tamar50@gmail.com,29/07/2026,300,Airbnb Turnover,Yossi Amar
Dana Cohen,052-2605778,dana63@hotmail.com,29/07/2026,660,Deep Clean,Avi Dahan
Oren Dahan,050-9994877,,29/07/2026,280,Standard Home Clean,Avi Dahan
Nadav Weiss,053-9093856,nadav10@yahoo.com,29/07/2026,1810,Post-Renovation Clean,Noa Peretz
Emily Raz,053-5896104,,30/07/2026,290,Standard Home Clean,Avi Dahan
Olivia Raz,054-5540473,oraz@gmail.com,30/07/2026,310,Standard Home Clean,Shira Malka
Oren Segal,054-6841623,,30/07/2026,280,Standard Home Clean,Yossi Amar
Merav Carmi,052-5002345,,30/07/2026,280,Standard Home Clean,Yossi Amar
Orit Golan,050-3390604,,30/07/2026,270,Airbnb Turnover,Yossi Amar
Itai Bar,,ibar@walla.co.il,30/07/2026,570,Deep Clean,Avi Dahan
Shira Raz,058-2242607,shira84@yahoo.com,30/07/2026,440,Carpet & Upholstery,Avi Dahan
Adi Nachum,050-7644187,adin@outlook.com,30/07/2026,580,Deep Clean,Avi Dahan
Lior Ohana,058-7466827,lior.ohana@gmail.com,31/07/2026,280,Standard Home Clean,Avi Dahan
Lior Ohana,058-7466827,lior.ohana@gmail.com,31/07/2026,250,Balcony & Terrace,Avi Dahan
Ran Katz,054-1002150,rank@gmail.com,31/07/2026,270,Standard Home Clean,Yossi Amar
Nadav Halevi,053-1809663,nhalevi@gmail.com,31/07/2026,260,Standard Home Clean,Avi Dahan
Shira Goldberg,052-5004231,shirag@yahoo.com,31/07/2026,260,Standard Home Clean,Yossi Amar
Emily Azoulay,050-3135388,emily16@gmail.com,31/07/2026,300,Standard Home Clean,Shira Malka
Nathan Oz,058-1548413,nathan64@yahoo.com,31/07/2026,280,Standard Home Clean,Avi Dahan
Nathan Oz,058-1548413,nathan64@yahoo.com,31/07/2026,170,Fridge & Oven Add-on,Noa Peretz
Shai Golan,053-8862600,shai.golan@gmail.com,31/07/2026,320,Standard Home Clean,Noa Peretz
Keren Shapiro,052-4985596,,01/08/2026,260,Standard Home Clean,Shira Malka
Matan Peretz,053-6300542,matan.peretz@yahoo.com,01/08/2026,250,Standard Home Clean,Noa Peretz
Eitan Malka,,eitan.malka@gmail.com,01/08/2026,260,Standard Home Clean,Shira Malka
Oren Stern,058-1826072,oren.stern@hotmail.com,01/08/2026,290,Standard Home Clean,Shira Malka
Keren Sasson,052-5278918,keren.sasson@outlook.com,01/08/2026,320,Standard Home Clean,Shira Malka
Adi Elbaz,050-4795998,,01/08/2026,270,Standard Home Clean,Avi Dahan
Yossi Hadad,058-1991785,yossi85@outlook.com,01/08/2026,250,Standard Home Clean,Noa Peretz
Maya Segal,050-6583224,maya.segal@gmail.com,01/08/2026,300,Standard Home Clean,Avi Dahan
Maya Segal,050-6583224,maya.segal@gmail.com,01/08/2026,600,Deep Clean,Avi Dahan
Shira Gabay,058-4187717,shira.gabay@yahoo.com,01/08/2026,330,Airbnb Turnover,Yossi Amar
Orit Goldberg (Bluefin Insurance),052-5042455,office@bluefininsurance.co.il,01/08/2026,2550,Monthly Office Contract,Avi Dahan
Ariel Elbaz (Shuk Coffee Roasters),058-8270836,office@shukcoffeeroasters.co.il,01/08/2026,2410,Monthly Office Contract,Yossi Amar
Ido Stern (Neve Tzedek Architects),053-2966902,office@nevetzedekarchitects.co.il,01/08/2026,2380,Monthly Office Contract,Yossi Amar
Daniel Katz (Yafo Yoga Loft),050-8600351,office@yafoyogaloft.co.il,01/08/2026,2320,Monthly Office Contract,Shira Malka
Yossi Barak (Mint Coworking),053-3173331,office@mintcoworking.co.il,01/08/2026,2720,Monthly Office Contract,Noa Peretz
Yonatan Peretz (Pixel & Co.),053-6468834,office@pixelco.co.il,01/08/2026,2400,Monthly Office Contract,Avi Dahan
Tamar Shapiro (Arlozorov Pilates),058-2562002,office@arlozorovpilates.co.il,01/08/2026,2570,Monthly Office Contract,Shira Malka
Ben Malka (Bialik Design House),058-9166461,office@bialikdesignhouse.co.il,01/08/2026,2360,Monthly Office Contract,Shira Malka
Dana Biton,052-3788740,dana.biton@gmail.com,01/08/2026,680,Deep Clean,Shira Malka
Ben Elbaz,050-1960699,ben.elbaz@yahoo.com,01/08/2026,350,Window Cleaning,Noa Peretz
Chen Cohen,054-4364500,chenc@outlook.com,02/08/2026,260,Standard Home Clean,Shira Malka
Rachel Weiss,058-6840827,rweiss@outlook.com,02/08/2026,280,Standard Home Clean,Noa Peretz
Hannah Friedman,052-4521128,hfriedman@outlook.com,02/08/2026,280,Standard Home Clean,Yossi Amar
Avi Barak,054-1526916,avi.barak@walla.co.il,02/08/2026,260,Standard Home Clean,Yossi Amar
Ido Goldberg,052-5253682,igoldberg@gmail.com,02/08/2026,270,Standard Home Clean,Shira Malka
Hannah Shapiro,054-9657965,hannah43@outlook.com,02/08/2026,280,Standard Home Clean,Yossi Amar
Eitan Weiss (Tel Aviv Dental Clinic),052-9052527,office@telavivdentalclinic.co.il,02/08/2026,2480,Monthly Office Contract,Shira Malka
Hannah Hadad (Lev Pediatrics),054-6496368,office@levpediatrics.co.il,02/08/2026,2420,Monthly Office Contract,Yossi Amar
Roni Sharabi,050-3219140,,02/08/2026,620,Deep Clean,Yossi Amar
David Cohen,053-9226312,dcohen@gmail.com,03/08/2026,270,Standard Home Clean,Shira Malka
David Cohen,053-9226312,dcohen@gmail.com,03/08/2026,210,Fridge & Oven Add-on,Shira Malka
Rachel Raz,052-3803962,rachel61@gmail.com,03/08/2026,300,Standard Home Clean,Shira Malka
Roni Bar,050-4362855,ronib@walla.co.il,03/08/2026,300,Standard Home Clean,Noa Peretz
Roni Bar,050-4362855,ronib@walla.co.il,03/08/2026,170,Fridge & Oven Add-on,Yossi Amar
Roni Nachum,058-8018473,rnachum@hotmail.com,03/08/2026,290,Standard Home Clean,Yossi Amar
Eitan Vaknin,050-2935892,evaknin@gmail.com,03/08/2026,280,Standard Home Clean,Yossi Amar
Itai Klein,,,03/08/2026,320,Airbnb Turnover,Yossi Amar
Neta Oz (Hertzel Law Office),058-2677194,office@hertzellawoffice.co.il,03/08/2026,2580,Monthly Office Contract,Shira Malka
David Bar (Ramat Gan Physio),052-1173038,office@ramatganphysio.co.il,03/08/2026,2630,Monthly Office Contract,Yossi Amar
Orit Barak (Kiryat Labs),058-1534245,office@kiryatlabs.co.il,03/08/2026,2430,Monthly Office Contract,Yossi Amar
Uri Sharabi (Carmel Real Estate),052-5016247,office@carmelrealestate.co.il,03/08/2026,2260,Monthly Office Contract,Noa Peretz
Merav Gabay (Oak Tree Kindergarten),058-8725429,office@oaktreekindergarten.co.il,03/08/2026,2410,Monthly Office Contract,Shira Malka
Elad Dahan,,elad.dahan@hotmail.com,03/08/2026,440,Carpet & Upholstery,Shira Malka
Tamar Carmi,053-9360616,tamar.carmi@gmail.com,03/08/2026,390,Window Cleaning,Shira Malka
Keren Vaknin,058-1141208,keren.vaknin@outlook.com,03/08/2026,520,Carpet & Upholstery,Yossi Amar
Ido Cohen,053-2349396,idoc@gmail.com,04/08/2026,300,Airbnb Turnover,Yossi Amar
Ran Klein,058-9969130,ran91@yahoo.com,04/08/2026,300,Airbnb Turnover,Avi Dahan
Inbar Weiss (Nordau Optics),052-8051920,office@nordauoptics.co.il,04/08/2026,2660,Monthly Office Contract,Avi Dahan
Matan Nachum (Sela Logistics),054-7011056,office@selalogistics.co.il,04/08/2026,2300,Monthly Office Contract,Yossi Amar
Yarden Levi,054-2769158,yarden87@walla.co.il,04/08/2026,620,Deep Clean,Avi Dahan
Uri Nachum,054-6008300,,04/08/2026,1390,Move-in / Move-out Clean,Avi Dahan
Omer Levi,053-7612344,omer64@walla.co.il,05/08/2026,290,Standard Home Clean,Yossi Amar
Elad Weiss,053-3874198,,05/08/2026,280,Airbnb Turnover,Avi Dahan
Tom Raz (Studio Orbit),,office@studioorbit.co.il,05/08/2026,2500,Monthly Office Contract,Shira Malka
Tamar Hadad (Gordon Accounting),052-3937855,office@gordonaccounting.co.il,05/08/2026,2460,Monthly Office Contract,Noa Peretz
Gal Dahan (Herzliya Vet Center),058-9991570,office@herzliyavetcenter.co.il,05/08/2026,2580,Monthly Office Contract,Noa Peretz
Rachel Sharabi,053-6451494,rachel.sharabi@gmail.com,05/08/2026,280,Standard Home Clean,Noa Peretz
Hannah Halevi,058-8978711,hannah93@hotmail.com,05/08/2026,1470,Post-Renovation Clean,Yossi Amar
Orit Raz,053-9889801,orit84@hotmail.com,06/08/2026,290,Standard Home Clean,Shira Malka
Ran Oz,053-8308874,ran.oz@gmail.com,06/08/2026,290,Standard Home Clean,Noa Peretz
Nathan Vaknin,,nathan.vaknin@gmail.com,06/08/2026,580,Deep Clean,Avi Dahan
Alon Navon,,anavon@gmail.com,06/08/2026,2060,Post-Renovation Clean,Shira Malka
Michal Carmi,052-3319211,michal.carmi@outlook.com,07/08/2026,280,Standard Home Clean,Noa Peretz
Rachel Biton,,rachel21@walla.co.il,07/08/2026,250,Standard Home Clean,Yossi Amar
Moran Bar,052-9360671,moranb@gmail.com,07/08/2026,300,Standard Home Clean,Yossi Amar
Keren Navon,050-5151669,keren34@gmail.com,07/08/2026,300,Standard Home Clean,Yossi Amar
Keren Sharabi,053-9048156,keren.sharabi@hotmail.com,07/08/2026,270,Standard Home Clean,Shira Malka
Hannah Ohana,053-1799533,hannaho@gmail.com,07/08/2026,310,Standard Home Clean,Avi Dahan
Hannah Ohana,053-1799533,hannaho@gmail.com,07/08/2026,200,Fridge & Oven Add-on,Yossi Amar
Shira Levi,058-5938134,shira.levi@walla.co.il,07/08/2026,300,Airbnb Turnover,Avi Dahan
David Amar,054-6183435,damar@gmail.com,08/08/2026,270,Standard Home Clean,Yossi Amar
Jacob Friedman,052-1311388,jacob93@gmail.com,08/08/2026,280,Standard Home Clean,Yossi Amar
Amit Biton,058-2077568,abiton@walla.co.il,08/08/2026,300,Standard Home Clean,Yossi Amar
Yossi Raz,054-5453983,yossir@outlook.com,08/08/2026,300,Standard Home Clean,Noa Peretz
Shira Azoulay,054-7962769,sazoulay@yahoo.com,08/08/2026,280,Standard Home Clean,Noa Peretz
Lior Ohana,058-7466827,lior.ohana@gmail.com,09/08/2026,230,Standard Home Clean,Noa Peretz
Rachel Gabay,058-6790012,rachel.gabay@gmail.com,09/08/2026,290,Standard Home Clean,Avi Dahan
Hila Cohen,053-5208409,hila53@gmail.com,09/08/2026,1840,Post-Renovation Clean,Shira Malka
Moran Weiss,058-2324596,,10/08/2026,290,Standard Home Clean,Avi Dahan
Matan Ziv,050-9505831,matanz@hotmail.com,10/08/2026,270,Standard Home Clean,Yossi Amar
Matan Ziv,050-9505831,matanz@hotmail.com,10/08/2026,250,Balcony & Terrace,Shira Malka
Noa Ziv,050-7561712,nziv@hotmail.com,10/08/2026,320,Standard Home Clean,Shira Malka
Daniel Ziv,,,10/08/2026,330,Standard Home Clean,Shira Malka
Keren Sasson,052-5278918,keren.sasson@outlook.com,10/08/2026,310,Standard Home Clean,Avi Dahan
Keren Sasson,052-5278918,keren.sasson@outlook.com,10/08/2026,340,Window Cleaning,Yossi Amar
Yossi Segal,050-5413121,yossi39@yahoo.com,10/08/2026,260,Standard Home Clean,Shira Malka
Keren Goldberg,054-4944862,kgoldberg@yahoo.com,10/08/2026,240,Standard Home Clean,Avi Dahan
Dana Bar,052-3189782,danab@outlook.com,10/08/2026,350,Airbnb Turnover,Shira Malka
Orit Golan,050-3390604,,10/08/2026,330,Airbnb Turnover,Noa Peretz
Rachel Malka,052-6133826,,10/08/2026,710,Deep Clean,Shira Malka
Roni Gabay,053-5345431,roni.gabay@gmail.com,10/08/2026,380,Kitchen Deep Clean,Avi Dahan
Ayelet Amar,053-7715781,ayelet.amar@gmail.com,11/08/2026,280,Standard Home Clean,Noa Peretz
Roni Ben-David,053-7602836,ronib@hotmail.com,11/08/2026,320,Standard Home Clean,Avi Dahan
Ariel Klein,050-9567426,ariel90@gmail.com,11/08/2026,260,Standard Home Clean,Shira Malka
Olivia Amar,,oamar@yahoo.com,11/08/2026,260,Standard Home Clean,Avi Dahan
Olivia Amar,,oamar@yahoo.com,11/08/2026,340,Window Cleaning,Yossi Amar
Asaf Raz,058-2452542,asaf.raz@gmail.com,11/08/2026,340,Airbnb Turnover,Shira Malka
Adi Elbaz,050-4795998,,12/08/2026,250,Standard Home Clean,Yossi Amar
Olivia Raz,054-5540473,oraz@gmail.com,12/08/2026,270,Standard Home Clean,Avi Dahan
Ethan Carmi,058-2599808,ethan.carmi@yahoo.com,12/08/2026,280,Standard Home Clean,Noa Peretz
Yael Sasson,050-3612673,yael74@yahoo.com,12/08/2026,290,Standard Home Clean,Avi Dahan
Hila Avraham,053-2872006,hila.avraham@gmail.com,12/08/2026,300,Standard Home Clean,Noa Peretz
Matan Malka,,matanm@gmail.com,12/08/2026,240,Standard Home Clean,Yossi Amar
Matan Malka,,matanm@gmail.com,12/08/2026,330,Window Cleaning,Yossi Amar
Itai Klein,,,12/08/2026,360,Airbnb Turnover,Avi Dahan
Ran Ohana,,,12/08/2026,350,Airbnb Turnover,Avi Dahan
Emily Raz,053-5896104,,13/08/2026,240,Standard Home Clean,Noa Peretz
Eitan Bar,058-3632523,ebar@walla.co.il,13/08/2026,280,Standard Home Clean,Yossi Amar
Ran Klein,058-9969130,ran91@yahoo.com,13/08/2026,350,Airbnb Turnover,Noa Peretz
Yossi Biton,058-6961890,ybiton@outlook.com,13/08/2026,330,Airbnb Turnover,Noa Peretz
Moran Gabay,050-7049893,,13/08/2026,400,Kitchen Deep Clean,Noa Peretz
Hannah Navon,058-9770193,hannah47@gmail.com,14/08/2026,270,Standard Home Clean,Avi Dahan
Uri Biton,053-1978941,,14/08/2026,280,Standard Home Clean,Avi Dahan
Keren Azoulay,052-9169756,kazoulay@walla.co.il,14/08/2026,210,Standard Home Clean,Shira Malka
Hannah Stern,054-8170039,hannah.stern@outlook.com,14/08/2026,290,Standard Home Clean,Avi Dahan
Ido Cohen,053-2349396,idoc@gmail.com,14/08/2026,320,Airbnb Turnover,Yossi Amar
Neta Oz (Hertzel Law Office),058-2677194,office@hertzellawoffice.co.il,14/08/2026,330,Window Cleaning,Avi Dahan
Tamar Shapiro (Arlozorov Pilates),058-2562002,office@arlozorovpilates.co.il,14/08/2026,730,Office Cleaning,Yossi Amar
Uri Levi,052-6263127,uri.levi@gmail.com,14/08/2026,630,Deep Clean,Avi Dahan
Matan Peretz,053-6300542,matan.peretz@yahoo.com,15/08/2026,280,Standard Home Clean,Noa Peretz
Rachel Raz,052-3803962,rachel61@gmail.com,15/08/2026,280,Standard Home Clean,Noa Peretz
Eitan Malka,,eitan.malka@gmail.com,15/08/2026,280,Standard Home Clean,Noa Peretz
Oren Stern,058-1826072,oren.stern@hotmail.com,15/08/2026,280,Standard Home Clean,Yossi Amar
Roni Sasson,054-3452812,,15/08/2026,270,Standard Home Clean,Avi Dahan
Tom Navon,053-8157781,tom.navon@walla.co.il,15/08/2026,260,Standard Home Clean,Noa Peretz
Roni Amar,058-7329900,ronia@gmail.com,15/08/2026,230,Standard Home Clean,Avi Dahan
Yossi Ben-David,054-8326784,yossi.bendavid@hotmail.com,15/08/2026,250,Standard Home Clean,Noa Peretz
Ben Friedman,050-3559552,bfriedman@gmail.com,15/08/2026,410,Window Cleaning,Noa Peretz
Liat Ben-David,053-7507081,,15/08/2026,340,Window Cleaning,Yossi Amar
Jacob Ohana,052-8096827,jacob35@yahoo.com,15/08/2026,1060,Move-in / Move-out Clean,Noa Peretz
Keren Shapiro,052-4985596,,16/08/2026,270,Standard Home Clean,Yossi Amar
Chen Cohen,054-4364500,chenc@outlook.com,16/08/2026,280,Standard Home Clean,Shira Malka
Lior Ohana,058-7466827,lior.ohana@gmail.com,16/08/2026,270,Standard Home Clean,Noa Peretz
David Cohen,053-9226312,dcohen@gmail.com,16/08/2026,310,Standard Home Clean,Avi Dahan
Moran Levi,054-9674950,moran.levi@outlook.com,16/08/2026,260,Standard Home Clean,Yossi Amar
Maya Gabay,052-1960961,maya.gabay@walla.co.il,16/08/2026,250,Standard Home Clean,Avi Dahan
Amit Vaknin,053-6177934,amit.vaknin@outlook.com,16/08/2026,280,Standard Home Clean,Noa Peretz
Neta Oz (Hertzel Law Office),058-2677194,office@hertzellawoffice.co.il,16/08/2026,830,Office Cleaning,Yossi Amar
Rachel Weiss,058-6840827,rweiss@outlook.com,17/08/2026,290,Standard Home Clean,Avi Dahan
Ran Katz,054-1002150,rank@gmail.com,17/08/2026,270,Standard Home Clean,Yossi Amar
Hannah Klein,058-9420204,hannah87@hotmail.com,17/08/2026,270,Standard Home Clean,Noa Peretz
Dana Bar,052-3189782,danab@outlook.com,17/08/2026,360,Airbnb Turnover,Shira Malka
Yossi Barak (Mint Coworking),053-3173331,office@mintcoworking.co.il,17/08/2026,900,Office Cleaning,Yossi Amar
Matan Nachum (Sela Logistics),054-7011056,office@selalogistics.co.il,17/08/2026,890,Office Cleaning,Noa Peretz
Rachel Halevi,052-5449172,rachelh@yahoo.com,18/08/2026,290,Standard Home Clean,Shira Malka
Guy Goldberg,,guy.goldberg@gmail.com,18/08/2026,300,Standard Home Clean,Noa Peretz
Guy Goldberg,,guy.goldberg@gmail.com,18/08/2026,640,Deep Clean,Yossi Amar
Avi Hadad,,avi.hadad@hotmail.com,18/08/2026,310,Standard Home Clean,Shira Malka
Tom Raz (Studio Orbit),,office@studioorbit.co.il,18/08/2026,340,Window Cleaning,Yossi Amar
Yonatan Peretz (Pixel & Co.),053-6468834,office@pixelco.co.il,18/08/2026,990,Office Cleaning,Avi Dahan
Ben Malka (Bialik Design House),058-9166461,office@bialikdesignhouse.co.il,18/08/2026,790,Office Cleaning,Yossi Amar
Guy Carmi,058-7435997,guy85@gmail.com,18/08/2026,460,Kitchen Deep Clean,Shira Malka
Shira Sharabi,053-4089536,shiras@hotmail.com,18/08/2026,500,Carpet & Upholstery,Yossi Amar
Nadav Halevi,053-1809663,nhalevi@gmail.com,19/08/2026,300,Standard Home Clean,Avi Dahan
Itai Halevi,054-6436839,,19/08/2026,260,Standard Home Clean,Avi Dahan
Noa Rosen,054-2545525,noa.rosen@outlook.com,19/08/2026,260,Standard Home Clean,Noa Peretz
Amit Sharabi,053-6325714,amit.sharabi@outlook.com,19/08/2026,250,Standard Home Clean,Shira Malka
Itai Klein,,,19/08/2026,300,Airbnb Turnover,Noa Peretz
Ido Stern (Neve Tzedek Architects),053-2966902,office@nevetzedekarchitects.co.il,19/08/2026,1020,Office Cleaning,Noa Peretz
Hannah Friedman,052-4521128,hfriedman@outlook.com,20/08/2026,310,Standard Home Clean,Shira Malka
Keren Sasson,052-5278918,keren.sasson@outlook.com,20/08/2026,230,Standard Home Clean,Avi Dahan
Liat Shapiro,050-9159613,liats@hotmail.com,20/08/2026,290,Standard Home Clean,Shira Malka
Shira Gabay,058-4187717,shira.gabay@yahoo.com,20/08/2026,320,Airbnb Turnover,Shira Malka
Tamar Oz,052-1194705,tamar50@gmail.com,20/08/2026,310,Airbnb Turnover,Noa Peretz
Eitan Ohana,054-8716895,eitan64@yahoo.com,20/08/2026,300,Standard Home Clean,Noa Peretz
Olivia Hadad,,olivia.hadad@gmail.com,20/08/2026,1240,Move-in / Move-out Clean,Avi Dahan
Shai Bar,050-6471233,shaib@gmail.com,20/08/2026,1220,Move-in / Move-out Clean,Shira Malka
Michal Carmi,052-3319211,michal.carmi@outlook.com,21/08/2026,270,Standard Home Clean,Noa Peretz
Ido Cohen,053-2349396,idoc@gmail.com,21/08/2026,320,Airbnb Turnover,Avi Dahan
Asaf Raz,058-2452542,asaf.raz@gmail.com,21/08/2026,290,Airbnb Turnover,Noa Peretz
Ran Klein,058-9969130,ran91@yahoo.com,21/08/2026,320,Airbnb Turnover,Shira Malka
Maya Ziv,053-9027657,maya.ziv@gmail.com,21/08/2026,340,Airbnb Turnover,Shira Malka
Shira Levi,058-5938134,shira.levi@walla.co.il,21/08/2026,290,Airbnb Turnover,Yossi Amar
Daniel Katz (Yafo Yoga Loft),050-8600351,office@yafoyogaloft.co.il,21/08/2026,880,Office Cleaning,Yossi Amar
Rachel Biton,,rachel21@walla.co.il,22/08/2026,280,Standard Home Clean,Yossi Amar
Rachel Biton,,rachel21@walla.co.il,22/08/2026,290,Balcony & Terrace,Yossi Amar
David Amar,054-6183435,damar@gmail.com,22/08/2026,290,Standard Home Clean,Avi Dahan
David Amar,054-6183435,damar@gmail.com,22/08/2026,190,Fridge & Oven Add-on,Noa Peretz
Yonatan Friedman,052-8814949,yonatan.friedman@hotmail.com,22/08/2026,290,Standard Home Clean,Noa Peretz
Inbar Weiss (Nordau Optics),052-8051920,office@nordauoptics.co.il,22/08/2026,1030,Office Cleaning,Avi Dahan
Ben Hadad,058-8747467,ben29@gmail.com,22/08/2026,630,Deep Clean,Shira Malka
Jacob Friedman,052-1311388,jacob93@gmail.com,23/08/2026,270,Standard Home Clean,Yossi Amar
Rachel Peretz,053-7305786,rachel.peretz@hotmail.com,23/08/2026,290,Standard Home Clean,Avi Dahan
Hannah Sharabi,052-4666284,hannah.sharabi@outlook.com,23/08/2026,290,Standard Home Clean,Noa Peretz
Lior Vaknin,058-5794561,lvaknin@hotmail.com,23/08/2026,270,Standard Home Clean,Noa Peretz
Inbar Levi,054-2791042,ilevi@gmail.com,23/08/2026,250,Standard Home Clean,Avi Dahan
Shai Golan,053-8862600,shai.golan@gmail.com,23/08/2026,310,Standard Home Clean,Shira Malka
Shai Golan,053-8862600,shai.golan@gmail.com,23/08/2026,360,Window Cleaning,Avi Dahan
Orit Golan,050-3390604,,23/08/2026,320,Airbnb Turnover,Shira Malka
Ran Ohana,,,23/08/2026,320,Airbnb Turnover,Shira Malka
Michal Stern,050-5159564,michal63@gmail.com,23/08/2026,340,Window Cleaning,Noa Peretz
Hannah Sasson,052-7499146,hannah.sasson@gmail.com,23/08/2026,1180,Move-in / Move-out Clean,Yossi Amar
Olivia Raz,054-5540473,oraz@gmail.com,24/08/2026,260,Standard Home Clean,Noa Peretz
Oren Cohen,050-6515915,oren.cohen@outlook.com,24/08/2026,300,Standard Home Clean,Avi Dahan
Oren Cohen,050-6515915,oren.cohen@outlook.com,24/08/2026,200,Fridge & Oven Add-on,Noa Peretz
Elad Amar,058-2010441,elad70@gmail.com,24/08/2026,640,Deep Clean,Noa Peretz
Oren Peretz,054-7192714,orenp@hotmail.com,24/08/2026,360,Window Cleaning,Noa Peretz
Moran Weiss,058-2324596,,25/08/2026,280,Standard Home Clean,Noa Peretz
Moran Weiss,058-2324596,,25/08/2026,270,Balcony & Terrace,Yossi Amar
Daniel Ziv,,,25/08/2026,310,Standard Home Clean,Yossi Amar
Daniel Ziv,,,25/08/2026,190,Fridge & Oven Add-on,Noa Peretz
Moran Bar,052-9360671,moranb@gmail.com,25/08/2026,270,Standard Home Clean,Avi Dahan
Moran Bar,052-9360671,moranb@gmail.com,25/08/2026,200,Fridge & Oven Add-on,Yossi Amar
Adi Elbaz,050-4795998,,25/08/2026,250,Standard Home Clean,Yossi Amar
Emily Azoulay,050-3135388,emily16@gmail.com,25/08/2026,170,Fridge & Oven Add-on,Shira Malka
Asaf Klein,053-3897513,asaf.klein@gmail.com,25/08/2026,290,Standard Home Clean,Avi Dahan
Asaf Klein,053-3897513,asaf.klein@gmail.com,25/08/2026,200,Fridge & Oven Add-on,Noa Peretz
Alon Amar,050-5289482,aamar@outlook.com,25/08/2026,280,Standard Home Clean,Yossi Amar
Ariel Hadad,,arielh@hotmail.com,25/08/2026,300,Standard Home Clean,Avi Dahan
Orit Barak (Kiryat Labs),058-1534245,office@kiryatlabs.co.il,25/08/2026,300,Window Cleaning,Noa Peretz
Sivan Goldberg,052-2194439,sivan.goldberg@walla.co.il,25/08/2026,500,Carpet & Upholstery,Noa Peretz
Matan Peretz,053-6300542,matan.peretz@yahoo.com,26/08/2026,290,Standard Home Clean,Avi Dahan
Matan Peretz,053-6300542,matan.peretz@yahoo.com,26/08/2026,200,Fridge & Oven Add-on,Yossi Amar
Alon Levi,,,26/08/2026,270,Standard Home Clean,Yossi Amar
Dana Azoulay,058-7253082,dana80@gmail.com,26/08/2026,260,Standard Home Clean,Avi Dahan
Lior Mizrahi,053-4909415,,26/08/2026,270,Standard Home Clean,Shira Malka
Lior Mizrahi,053-4909415,,26/08/2026,170,Fridge & Oven Add-on,Noa Peretz
Ido Halevi,053-5605743,ido.halevi@outlook.com,26/08/2026,260,Standard Home Clean,Shira Malka
Jacob Halevi,058-2236115,jacobh@gmail.com,26/08/2026,240,Standard Home Clean,Avi Dahan
Lior Ohana,058-7466827,lior.ohana@gmail.com,27/08/2026,310,Standard Home Clean,Shira Malka
Rachel Raz,052-3803962,rachel61@gmail.com,27/08/2026,290,Standard Home Clean,Yossi Amar
Noa Ziv,050-7561712,nziv@hotmail.com,27/08/2026,270,Standard Home Clean,Yossi Amar
Noa Ziv,050-7561712,nziv@hotmail.com,27/08/2026,260,Balcony & Terrace,Avi Dahan
Ayelet Amar,053-7715781,ayelet.amar@gmail.com,27/08/2026,270,Standard Home Clean,Yossi Amar
Ayelet Amar,053-7715781,ayelet.amar@gmail.com,27/08/2026,240,Balcony & Terrace,Avi Dahan
Ido Cohen,053-2349396,idoc@gmail.com,27/08/2026,340,Airbnb Turnover,Noa Peretz
Asaf Raz,058-2452542,asaf.raz@gmail.com,27/08/2026,320,Airbnb Turnover,Shira Malka
Yossi Biton,058-6961890,ybiton@outlook.com,27/08/2026,330,Airbnb Turnover,Yossi Amar
Dana Halevi,052-9303641,dana.halevi@outlook.com,27/08/2026,280,Standard Home Clean,Noa Peretz
Uri Friedman,050-5679811,ufriedman@outlook.com,27/08/2026,240,Standard Home Clean,Yossi Amar
David Cohen,053-9226312,dcohen@gmail.com,28/08/2026,300,Standard Home Clean,Avi Dahan
David Cohen,053-9226312,dcohen@gmail.com,28/08/2026,200,Fridge & Oven Add-on,Avi Dahan
Shira Goldberg,052-5004231,shirag@yahoo.com,28/08/2026,280,Standard Home Clean,Yossi Amar
Roni Raz,050-3181261,ronir@outlook.com,28/08/2026,260,Standard Home Clean,Yossi Amar
Olivia Goldberg,052-5143029,olivia.goldberg@gmail.com,28/08/2026,240,Standard Home Clean,Avi Dahan
Olivia Goldberg,052-5143029,olivia.goldberg@gmail.com,28/08/2026,380,Window Cleaning,Shira Malka
Ran Klein,058-9969130,ran91@yahoo.com,28/08/2026,300,Airbnb Turnover,Noa Peretz
Itai Klein,,,28/08/2026,310,Airbnb Turnover,Noa Peretz
Keren Friedman,052-3352033,keren.friedman@gmail.com,28/08/2026,670,Deep Clean,Avi Dahan
Eitan Malka,,eitan.malka@gmail.com,29/08/2026,270,Standard Home Clean,Yossi Amar
Yossi Hadad,058-1991785,yossi85@outlook.com,29/08/2026,260,Standard Home Clean,Yossi Amar
Merav Carmi,052-5002345,,29/08/2026,260,Standard Home Clean,Yossi Amar
Dana Bar,052-3189782,danab@outlook.com,29/08/2026,340,Airbnb Turnover,Shira Malka
Dana Levi,058-9629830,danal@gmail.com,29/08/2026,1090,Move-in / Move-out Clean,Avi Dahan
Omer Levi,053-7612344,omer64@walla.co.il,30/08/2026,290,Standard Home Clean,Shira Malka
Keren Ziv,058-1158605,keren.ziv@yahoo.com,30/08/2026,300,Standard Home Clean,Shira Malka
Sophie Raz,052-6966296,sophier@hotmail.com,30/08/2026,1660,Post-Renovation Clean,Noa Peretz
Dana Oz,052-5323255,,31/08/2026,250,Standard Home Clean,Yossi Amar
Keren Goldberg,054-4944862,kgoldberg@yahoo.com,31/08/2026,280,Standard Home Clean,Shira Malka
Oren Segal,054-6841623,,01/09/2026,250,Standard Home Clean,Noa Peretz
Maya Ziv,053-9027657,maya.ziv@gmail.com,01/09/2026,300,Airbnb Turnover,Avi Dahan
Orit Goldberg (Bluefin Insurance),052-5042455,office@bluefininsurance.co.il,01/09/2026,2310,Monthly Office Contract,Noa Peretz
Ariel Elbaz (Shuk Coffee Roasters),058-8270836,office@shukcoffeeroasters.co.il,01/09/2026,2380,Monthly Office Contract,Avi Dahan
Ido Stern (Neve Tzedek Architects),053-2966902,office@nevetzedekarchitects.co.il,01/09/2026,2350,Monthly Office Contract,Yossi Amar
Daniel Katz (Yafo Yoga Loft),050-8600351,office@yafoyogaloft.co.il,01/09/2026,2150,Monthly Office Contract,Shira Malka
Yossi Barak (Mint Coworking),053-3173331,office@mintcoworking.co.il,01/09/2026,2350,Monthly Office Contract,Noa Peretz
Yonatan Peretz (Pixel & Co.),053-6468834,office@pixelco.co.il,01/09/2026,2370,Monthly Office Contract,Shira Malka
Tamar Shapiro (Arlozorov Pilates),058-2562002,office@arlozorovpilates.co.il,01/09/2026,2180,Monthly Office Contract,Noa Peretz
Ben Malka (Bialik Design House),058-9166461,office@bialikdesignhouse.co.il,01/09/2026,2060,Monthly Office Contract,Avi Dahan
Rachel Biton,,rachel21@walla.co.il,02/09/2026,270,Standard Home Clean,Avi Dahan
Ran Katz,054-1002150,rank@gmail.com,02/09/2026,290,Standard Home Clean,Shira Malka
Keren Sasson,052-5278918,keren.sasson@outlook.com,02/09/2026,300,Standard Home Clean,Shira Malka
Keren Navon,050-5151669,keren34@gmail.com,02/09/2026,300,Standard Home Clean,Avi Dahan
Keren Sharabi,053-9048156,keren.sharabi@hotmail.com,02/09/2026,320,Standard Home Clean,Yossi Amar
Keren Sharabi,053-9048156,keren.sharabi@hotmail.com,02/09/2026,180,Fridge & Oven Add-on,Yossi Amar
Hannah Ohana,053-1799533,hannaho@gmail.com,02/09/2026,280,Standard Home Clean,Yossi Amar
Ido Cohen,053-2349396,idoc@gmail.com,02/09/2026,310,Airbnb Turnover,Noa Peretz
Shira Gabay,058-4187717,shira.gabay@yahoo.com,02/09/2026,330,Airbnb Turnover,Shira Malka
Shira Levi,058-5938134,shira.levi@walla.co.il,02/09/2026,310,Airbnb Turnover,Shira Malka
Hannah Hadad (Lev Pediatrics),054-6496368,office@levpediatrics.co.il,02/09/2026,2470,Monthly Office Contract,Avi Dahan
Ariel Bar,054-8990949,,02/09/2026,1840,Post-Renovation Clean,Avi Dahan
Moran Ziv,052-5081228,moran.ziv@hotmail.com,02/09/2026,1250,Move-in / Move-out Clean,Avi Dahan
Lior Ohana,058-7466827,lior.ohana@gmail.com,03/09/2026,280,Standard Home Clean,Shira Malka
Moran Levi,054-9674950,moran.levi@outlook.com,03/09/2026,290,Standard Home Clean,Shira Malka
Asaf Raz,058-2452542,asaf.raz@gmail.com,03/09/2026,350,Airbnb Turnover,Shira Malka
Yossi Biton,058-6961890,ybiton@outlook.com,03/09/2026,310,Airbnb Turnover,Shira Malka
David Bar (Ramat Gan Physio),052-1173038,office@ramatganphysio.co.il,03/09/2026,2440,Monthly Office Contract,Avi Dahan
Orit Barak (Kiryat Labs),058-1534245,office@kiryatlabs.co.il,03/09/2026,2210,Monthly Office Contract,Shira Malka
Uri Sharabi (Carmel Real Estate),052-5016247,office@carmelrealestate.co.il,03/09/2026,2630,Monthly Office Contract,Shira Malka
Merav Gabay (Oak Tree Kindergarten),058-8725429,office@oaktreekindergarten.co.il,03/09/2026,2810,Monthly Office Contract,Noa Peretz
Dana Malka,052-7451349,danam@gmail.com,03/09/2026,510,Carpet & Upholstery,Avi Dahan
Hila Ben-David,053-3666658,,03/09/2026,720,Deep Clean,Shira Malka
Eitan Mizrahi,058-2038332,emizrahi@hotmail.com,03/09/2026,1790,Post-Renovation Clean,Noa Peretz
Adi Elbaz,050-4795998,,04/09/2026,270,Standard Home Clean,Shira Malka
Inbar Weiss (Nordau Optics),052-8051920,office@nordauoptics.co.il,04/09/2026,2580,Monthly Office Contract,Yossi Amar
Matan Nachum (Sela Logistics),054-7011056,office@selalogistics.co.il,04/09/2026,2400,Monthly Office Contract,Yossi Amar
Jacob Friedman,052-1311388,jacob93@gmail.com,05/09/2026,270,Standard Home Clean,Avi Dahan
Maya Gabay,052-1960961,maya.gabay@walla.co.il,05/09/2026,290,Standard Home Clean,Noa Peretz
Hannah Friedman,052-4521128,hfriedman@outlook.com,05/09/2026,260,Standard Home Clean,Avi Dahan
Nathan Oz,058-1548413,nathan64@yahoo.com,05/09/2026,290,Standard Home Clean,Yossi Amar
Nathan Oz,058-1548413,nathan64@yahoo.com,05/09/2026,140,Fridge & Oven Add-on,Shira Malka
Ran Oz,053-8308874,ran.oz@gmail.com,05/09/2026,300,Standard Home Clean,Noa Peretz
Tom Raz (Studio Orbit),,office@studioorbit.co.il,05/09/2026,2150,Monthly Office Contract,Shira Malka
Tamar Hadad (Gordon Accounting),052-3937855,office@gordonaccounting.co.il,05/09/2026,2850,Monthly Office Contract,Noa Peretz
Gal Dahan (Herzliya Vet Center),058-9991570,office@herzliyavetcenter.co.il,05/09/2026,2520,Monthly Office Contract,Avi Dahan
Orit Azoulay,053-8038197,,05/09/2026,310,Window Cleaning,Noa Peretz
David Amar,054-6183435,damar@gmail.com,06/09/2026,310,Standard Home Clean,Yossi Amar
Roni Nachum,058-8018473,rnachum@hotmail.com,06/09/2026,270,Standard Home Clean,Yossi Amar
Keren Azoulay,052-9169756,kazoulay@walla.co.il,06/09/2026,270,Standard Home Clean,Yossi Amar
Dana Gabay,054-5237435,dana.gabay@outlook.com,06/09/2026,350,Window Cleaning,Avi Dahan
Rachel Raz,052-3803962,rachel61@gmail.com,07/09/2026,330,Standard Home Clean,Yossi Amar
Nadav Halevi,053-1809663,nhalevi@gmail.com,07/09/2026,280,Standard Home Clean,Yossi Amar
Eitan Vaknin,050-2935892,evaknin@gmail.com,07/09/2026,290,Standard Home Clean,Yossi Amar
Maya Segal,050-6583224,maya.segal@gmail.com,07/09/2026,330,Standard Home Clean,Yossi Amar
Maya Segal,050-6583224,maya.segal@gmail.com,07/09/2026,550,Deep Clean,Yossi Amar
Maya Ziv,053-9027657,maya.ziv@gmail.com,07/09/2026,330,Airbnb Turnover,Avi Dahan
Elad Weiss,053-3874198,,07/09/2026,310,Airbnb Turnover,Noa Peretz
Merav Segal,,merav.segal@gmail.com,07/09/2026,690,Deep Clean,Avi Dahan
Olivia Raz,054-5540473,oraz@gmail.com,08/09/2026,280,Standard Home Clean,Avi Dahan
Rachel Gabay,058-6790012,rachel.gabay@gmail.com,08/09/2026,270,Standard Home Clean,Avi Dahan
Orit Golan,050-3390604,,08/09/2026,320,Airbnb Turnover,Yossi Amar
Moran Weiss,058-2324596,,09/09/2026,300,Standard Home Clean,Yossi Amar
Yossi Barak (Mint Coworking),053-3173331,office@mintcoworking.co.il,09/09/2026,780,Office Cleaning,Shira Malka
Olivia Bar,054-1176460,obar@yahoo.com,09/09/2026,390,Window Cleaning,Yossi Amar
Daniel Ziv,,,10/09/2026,250,Standard Home Clean,Shira Malka
Eitan Malka,,eitan.malka@gmail.com,10/09/2026,290,Standard Home Clean,Yossi Amar
Yossi Segal,050-5413121,yossi39@yahoo.com,10/09/2026,260,Standard Home Clean,Shira Malka
Ido Cohen,053-2349396,idoc@gmail.com,10/09/2026,310,Airbnb Turnover,Yossi Amar
Asaf Raz,058-2452542,asaf.raz@gmail.com,10/09/2026,340,Airbnb Turnover,Avi Dahan
Itai Klein,,,10/09/2026,340,Airbnb Turnover,Noa Peretz
Keren Carmi,050-4423584,kerenc@hotmail.com,10/09/2026,510,Carpet & Upholstery,Noa Peretz
Lior Ohana,058-7466827,lior.ohana@gmail.com,11/09/2026,280,Standard Home Clean,Avi Dahan
Ayelet Amar,053-7715781,ayelet.amar@gmail.com,11/09/2026,280,Standard Home Clean,Avi Dahan
Moran Bar,052-9360671,moranb@gmail.com,11/09/2026,270,Standard Home Clean,Yossi Amar
Moran Bar,052-9360671,moranb@gmail.com,11/09/2026,170,Fridge & Oven Add-on,Yossi Amar
Ariel Klein,050-9567426,ariel90@gmail.com,11/09/2026,230,Standard Home Clean,Shira Malka
Yael Sasson,050-3612673,yael74@yahoo.com,11/09/2026,250,Standard Home Clean,Yossi Amar
Yael Sasson,050-3612673,yael74@yahoo.com,11/09/2026,200,Fridge & Oven Add-on,Shira Malka
Hila Avraham,053-2872006,hila.avraham@gmail.com,11/09/2026,280,Standard Home Clean,Shira Malka
Ran Ohana,,,11/09/2026,370,Airbnb Turnover,Shira Malka
Ethan Biton,,ethan.biton@gmail.com,11/09/2026,1570,Post-Renovation Clean,Noa Peretz
David Cohen,053-9226312,dcohen@gmail.com,12/09/2026,280,Standard Home Clean,Yossi Amar
Rachel Biton,,rachel21@walla.co.il,12/09/2026,300,Standard Home Clean,Yossi Amar
Rachel Biton,,rachel21@walla.co.il,12/09/2026,370,Window Cleaning,Avi Dahan
Hannah Navon,058-9770193,hannah47@gmail.com,12/09/2026,210,Standard Home Clean,Avi Dahan
Ariel Elbaz (Shuk Coffee Roasters),058-8270836,office@shukcoffeeroasters.co.il,12/09/2026,890,Office Cleaning,Yossi Amar
Uri Biton,053-1978941,,13/09/2026,290,Standard Home Clean,Avi Dahan
Amit Biton,058-2077568,abiton@walla.co.il,13/09/2026,260,Standard Home Clean,Shira Malka
Itai Halevi,054-6436839,,13/09/2026,270,Standard Home Clean,Noa Peretz
Hannah Stern,054-8170039,hannah.stern@outlook.com,13/09/2026,270,Standard Home Clean,Avi Dahan
Hannah Stern,054-8170039,hannah.stern@outlook.com,13/09/2026,350,Window Cleaning,Yossi Amar
Amit Vaknin,053-6177934,amit.vaknin@outlook.com,13/09/2026,270,Standard Home Clean,Yossi Amar
Yossi Raz,054-5453983,yossir@outlook.com,13/09/2026,310,Standard Home Clean,Yossi Amar
Guy Klein,054-5923357,guy80@outlook.com,13/09/2026,460,Carpet & Upholstery,Shira Malka
Nathan Levi,058-6184331,nathanl@gmail.com,13/09/2026,1140,Move-in / Move-out Clean,Noa Peretz
Adi Elbaz,050-4795998,,14/09/2026,310,Standard Home Clean,Shira Malka
Orit Raz,053-9889801,orit84@hotmail.com,14/09/2026,300,Standard Home Clean,Avi Dahan
Olivia Amar,,oamar@yahoo.com,14/09/2026,260,Standard Home Clean,Avi Dahan
Orit Barak (Kiryat Labs),058-1534245,office@kiryatlabs.co.il,14/09/2026,380,Window Cleaning,Shira Malka
Dana Barak,,dana.barak@walla.co.il,14/09/2026,350,Window Cleaning,Avi Dahan
Olivia Tal,053-7870726,oliviat@yahoo.com,14/09/2026,300,Standard Home Clean,Shira Malka
Sophie Peretz,,sophie.peretz@gmail.com,14/09/2026,530,Deep Clean,Noa Peretz
Jacob Friedman,052-1311388,jacob93@gmail.com,15/09/2026,250,Standard Home Clean,Shira Malka
Keren Sasson,052-5278918,keren.sasson@outlook.com,15/09/2026,260,Standard Home Clean,Noa Peretz
Eitan Bar,058-3632523,ebar@walla.co.il,15/09/2026,280,Standard Home Clean,Avi Dahan
Inbar Mizrahi,052-4662901,inbar59@gmail.com,15/09/2026,480,Kitchen Deep Clean,Avi Dahan
Roni Sasson,054-3452812,,16/09/2026,270,Standard Home Clean,Yossi Amar
Roni Ben-David,053-7602836,ronib@hotmail.com,16/09/2026,280,Standard Home Clean,Shira Malka
Guy Goldberg,,guy.goldberg@gmail.com,16/09/2026,260,Standard Home Clean,Avi Dahan
Guy Goldberg,,guy.goldberg@gmail.com,16/09/2026,740,Deep Clean,Shira Malka
Amit Sharabi,053-6325714,amit.sharabi@outlook.com,16/09/2026,280,Standard Home Clean,Avi Dahan
Amit Sharabi,053-6325714,amit.sharabi@outlook.com,16/09/2026,680,Deep Clean,Avi Dahan
Roni Sharabi,050-3219140,,16/09/2026,770,Deep Clean,Shira Malka
Gal Hadad,058-7851514,gal.hadad@gmail.com,16/09/2026,1280,Move-in / Move-out Clean,Shira Malka
Hannah Sharabi,052-4666284,hannah.sharabi@outlook.com,17/09/2026,280,Standard Home Clean,Shira Malka
Hannah Sharabi,052-4666284,hannah.sharabi@outlook.com,17/09/2026,400,Kitchen Deep Clean,Avi Dahan
Liat Shapiro,050-9159613,liats@hotmail.com,17/09/2026,320,Standard Home Clean,Avi Dahan
Yossi Ben-David,054-8326784,yossi.bendavid@hotmail.com,17/09/2026,260,Standard Home Clean,Shira Malka
Avi Hadad,,avi.hadad@hotmail.com,17/09/2026,270,Standard Home Clean,Avi Dahan
Merav Gabay (Oak Tree Kindergarten),058-8725429,office@oaktreekindergarten.co.il,17/09/2026,900,Office Cleaning,Avi Dahan
Yarden Vaknin,058-4852494,yarden.vaknin@walla.co.il,17/09/2026,640,Deep Clean,Yossi Amar
Noa Ziv,050-7561712,nziv@hotmail.com,18/09/2026,300,Standard Home Clean,Avi Dahan
Noa Rosen,054-2545525,noa.rosen@outlook.com,18/09/2026,270,Standard Home Clean,Shira Malka
Roni Amar,058-7329900,ronia@gmail.com,18/09/2026,260,Standard Home Clean,Yossi Amar
Matan Malka,,matanm@gmail.com,18/09/2026,250,Standard Home Clean,Shira Malka
Oren Cohen,050-6515915,oren.cohen@outlook.com,18/09/2026,290,Standard Home Clean,Noa Peretz
Shai Golan,053-8862600,shai.golan@gmail.com,18/09/2026,300,Standard Home Clean,Avi Dahan
Yonatan Friedman,052-8814949,yonatan.friedman@hotmail.com,19/09/2026,240,Standard Home Clean,Yossi Amar
Yonatan Friedman,052-8814949,yonatan.friedman@hotmail.com,19/09/2026,450,Kitchen Deep Clean,Noa Peretz
Itai Klein,,,19/09/2026,310,Airbnb Turnover,Avi Dahan
Gal Dahan (Herzliya Vet Center),058-9991570,office@herzliyavetcenter.co.il,19/09/2026,1050,Office Cleaning,Noa Peretz
Itai Friedman,052-9161796,itai.friedman@gmail.com,19/09/2026,730,Deep Clean,Avi Dahan
Moran Weiss,058-2324596,,20/09/2026,240,Standard Home Clean,Shira Malka
Rachel Raz,052-3803962,rachel61@gmail.com,20/09/2026,270,Standard Home Clean,Noa Peretz
David Amar,054-6183435,damar@gmail.com,20/09/2026,290,Standard Home Clean,Noa Peretz
Dana Bar,052-3189782,danab@outlook.com,20/09/2026,330,Airbnb Turnover,Yossi Amar
Ran Katz,054-1002150,rank@gmail.com,21/09/2026,260,Standard Home Clean,Avi Dahan
Moran Levi,054-9674950,moran.levi@outlook.com,21/09/2026,330,Standard Home Clean,Noa Peretz
Maya Gabay,052-1960961,maya.gabay@walla.co.il,21/09/2026,260,Standard Home Clean,Avi Dahan
Maya Gabay,052-1960961,maya.gabay@walla.co.il,21/09/2026,260,Balcony & Terrace,Noa Peretz
Olivia Raz,054-5540473,oraz@gmail.com,21/09/2026,270,Standard Home Clean,Avi Dahan
Emily Azoulay,050-3135388,emily16@gmail.com,21/09/2026,280,Standard Home Clean,Avi Dahan
Tamar Shapiro (Arlozorov Pilates),058-2562002,office@arlozorovpilates.co.il,21/09/2026,990,Office Cleaning,Noa Peretz
Eitan Shapiro,,eitan.shapiro@gmail.com,21/09/2026,310,Standard Home Clean,Avi Dahan
Noa Levi,058-3716646,noa.levi@gmail.com,21/09/2026,570,Deep Clean,Shira Malka
Alon Goldberg,058-9707480,alon42@outlook.com,21/09/2026,340,Window Cleaning,Avi Dahan
Lior Ohana,058-7466827,lior.ohana@gmail.com,22/09/2026,300,Standard Home Clean,Avi Dahan
Rachel Biton,,rachel21@walla.co.il,22/09/2026,240,Standard Home Clean,Noa Peretz
Rachel Biton,,rachel21@walla.co.il,22/09/2026,300,Balcony & Terrace,Yossi Amar
Lior Vaknin,058-5794561,lvaknin@hotmail.com,22/09/2026,280,Standard Home Clean,Avi Dahan
Ido Cohen,053-2349396,idoc@gmail.com,22/09/2026,310,Airbnb Turnover,Yossi Amar
Asaf Raz,058-2452542,asaf.raz@gmail.com,22/09/2026,330,Airbnb Turnover,Noa Peretz
Uri Sharabi (Carmel Real Estate),052-5016247,office@carmelrealestate.co.il,22/09/2026,960,Office Cleaning,Shira Malka
Inbar Weiss (Nordau Optics),052-8051920,office@nordauoptics.co.il,22/09/2026,900,Office Cleaning,Yossi Amar
Eitan Malka,,eitan.malka@gmail.com,23/09/2026,270,Standard Home Clean,Avi Dahan
Nadav Halevi,053-1809663,nhalevi@gmail.com,23/09/2026,300,Standard Home Clean,Yossi Amar
Hannah Friedman,052-4521128,hfriedman@outlook.com,23/09/2026,300,Standard Home Clean,Avi Dahan
Yonatan Azoulay,053-7538383,yazoulay@hotmail.com,23/09/2026,700,Deep Clean,Yossi Amar
Liat Avraham,053-3504487,liat59@yahoo.com,23/09/2026,2090,Post-Renovation Clean,Noa Peretz
David Cohen,053-9226312,dcohen@gmail.com,24/09/2026,270,Standard Home Clean,Shira Malka
Keren Sasson,052-5278918,keren.sasson@outlook.com,24/09/2026,290,Standard Home Clean,Shira Malka
Shira Goldberg,052-5004231,shirag@yahoo.com,24/09/2026,280,Standard Home Clean,Avi Dahan
Shira Goldberg,052-5004231,shirag@yahoo.com,24/09/2026,300,Window Cleaning,Shira Malka
Asaf Klein,053-3897513,asaf.klein@gmail.com,24/09/2026,300,Standard Home Clean,Yossi Amar
Matan Nachum (Sela Logistics),054-7011056,office@selalogistics.co.il,24/09/2026,860,Office Cleaning,Avi Dahan
Alon Ohana,052-8669916,alon.ohana@hotmail.com,24/09/2026,670,Deep Clean,Avi Dahan
Omer Levi,053-7612344,omer64@walla.co.il,25/09/2026,260,Standard Home Clean,Yossi Amar
Keren Goldberg,054-4944862,kgoldberg@yahoo.com,25/09/2026,280,Standard Home Clean,Yossi Amar
Keren Goldberg,054-4944862,kgoldberg@yahoo.com,25/09/2026,460,Kitchen Deep Clean,Noa Peretz
Lior Mizrahi,053-4909415,,25/09/2026,310,Standard Home Clean,Shira Malka
Inbar Levi,054-2791042,ilevi@gmail.com,25/09/2026,270,Standard Home Clean,Noa Peretz
Ran Klein,058-9969130,ran91@yahoo.com,25/09/2026,330,Airbnb Turnover,Yossi Amar
Maya Ziv,053-9027657,maya.ziv@gmail.com,25/09/2026,310,Airbnb Turnover,Avi Dahan
Ran Ohana,,,25/09/2026,290,Airbnb Turnover,Yossi Amar
Nathan Katz,054-8842567,nathan.katz@walla.co.il,25/09/2026,490,Carpet & Upholstery,Yossi Amar
Sophie Nachum,058-9140180,snachum@yahoo.com,25/09/2026,650,Deep Clean,Shira Malka
Adi Elbaz,050-4795998,,26/09/2026,270,Standard Home Clean,Shira Malka
Rachel Peretz,053-7305786,rachel.peretz@hotmail.com,26/09/2026,290,Standard Home Clean,Noa Peretz
Moran Bar,052-9360671,moranb@gmail.com,27/09/2026,280,Standard Home Clean,Noa Peretz
Jacob Friedman,052-1311388,jacob93@gmail.com,27/09/2026,280,Standard Home Clean,Avi Dahan
Jacob Friedman,052-1311388,jacob93@gmail.com,27/09/2026,180,Fridge & Oven Add-on,Avi Dahan
Olivia Goldberg,052-5143029,olivia.goldberg@gmail.com,27/09/2026,320,Standard Home Clean,Noa Peretz
Yossi Hadad,058-1991785,yossi85@outlook.com,27/09/2026,260,Standard Home Clean,Noa Peretz
Dana Azoulay,058-7253082,dana80@gmail.com,27/09/2026,280,Standard Home Clean,Shira Malka
Shira Carmi,053-3137264,shira94@yahoo.com,27/09/2026,550,Carpet & Upholstery,Avi Dahan
Hannah Raz,,hannah.raz@walla.co.il,27/09/2026,290,Standard Home Clean,Shira Malka
Daniel Ziv,,,29/09/2026,300,Standard Home Clean,Shira Malka
Ayelet Amar,053-7715781,ayelet.amar@gmail.com,29/09/2026,270,Standard Home Clean,Shira Malka
Roni Raz,050-3181261,ronir@outlook.com,29/09/2026,260,Standard Home Clean,Avi Dahan
Keren Azoulay,052-9169756,kazoulay@walla.co.il,29/09/2026,270,Standard Home Clean,Noa Peretz
Orit Golan,050-3390604,,29/09/2026,310,Airbnb Turnover,Yossi Amar
Rachel Raz,052-3803962,rachel61@gmail.com,30/09/2026,320,Standard Home Clean,Avi Dahan
Rachel Raz,052-3803962,rachel61@gmail.com,30/09/2026,260,Balcony & Terrace,Shira Malka
Dana Oz,052-5323255,,30/09/2026,310,Standard Home Clean,Noa Peretz
Alon Amar,050-5289482,aamar@outlook.com,30/09/2026,280,Standard Home Clean,Yossi Amar
Merav Carmi,052-5002345,,30/09/2026,280,Standard Home Clean,Noa Peretz
Asaf Sasson,053-5498264,asaf.sasson@gmail.com,30/09/2026,280,Standard Home Clean,Yossi Amar
Ido Halevi,053-5605743,ido.halevi@outlook.com,01/10/2026,300,Standard Home Clean,Noa Peretz
Hannah Ohana,053-1799533,hannaho@gmail.com,01/10/2026,280,Standard Home Clean,Yossi Amar
Orit Goldberg (Bluefin Insurance),052-5042455,office@bluefininsurance.co.il,01/10/2026,2750,Monthly Office Contract,Shira Malka
Ariel Elbaz (Shuk Coffee Roasters),058-8270836,office@shukcoffeeroasters.co.il,01/10/2026,2330,Monthly Office Contract,Noa Peretz
Ido Stern (Neve Tzedek Architects),053-2966902,office@nevetzedekarchitects.co.il,01/10/2026,2430,Monthly Office Contract,Noa Peretz
Daniel Katz (Yafo Yoga Loft),050-8600351,office@yafoyogaloft.co.il,01/10/2026,2570,Monthly Office Contract,Yossi Amar
Yossi Barak (Mint Coworking),053-3173331,office@mintcoworking.co.il,01/10/2026,2170,Monthly Office Contract,Avi Dahan
Yonatan Peretz (Pixel & Co.),053-6468834,office@pixelco.co.il,01/10/2026,2600,Monthly Office Contract,Noa Peretz
Tamar Shapiro (Arlozorov Pilates),058-2562002,office@arlozorovpilates.co.il,01/10/2026,2350,Monthly Office Contract,Yossi Amar
Ben Malka (Bialik Design House),058-9166461,office@bialikdesignhouse.co.il,01/10/2026,2510,Monthly Office Contract,Yossi Amar
Jacob Ziv,050-1012923,jziv@hotmail.com,01/10/2026,410,Kitchen Deep Clean,Noa Peretz
Moran Weiss,058-2324596,,02/10/2026,250,Standard Home Clean,Shira Malka
Moran Weiss,058-2324596,,02/10/2026,370,Window Cleaning,Shira Malka
Rachel Biton,,rachel21@walla.co.il,02/10/2026,260,Standard Home Clean,Yossi Amar
Keren Navon,050-5151669,keren34@gmail.com,02/10/2026,290,Standard Home Clean,Noa Peretz
Oren Segal,054-6841623,,02/10/2026,290,Standard Home Clean,Avi Dahan
Hannah Hadad (Lev Pediatrics),054-6496368,office@levpediatrics.co.il,02/10/2026,2320,Monthly Office Contract,Shira Malka
Keren Sharabi,053-9048156,keren.sharabi@hotmail.com,03/10/2026,260,Standard Home Clean,Shira Malka
Asaf Raz,058-2452542,asaf.raz@gmail.com,03/10/2026,310,Airbnb Turnover,Shira Malka
Maya Ziv,053-9027657,maya.ziv@gmail.com,03/10/2026,340,Airbnb Turnover,Shira Malka
Elad Weiss,053-3874198,,03/10/2026,360,Airbnb Turnover,Shira Malka
David Bar (Ramat Gan Physio),052-1173038,office@ramatganphysio.co.il,03/10/2026,2290,Monthly Office Contract,Shira Malka
Orit Barak (Kiryat Labs),058-1534245,office@kiryatlabs.co.il,03/10/2026,2280,Monthly Office Contract,Avi Dahan
Uri Sharabi (Carmel Real Estate),052-5016247,office@carmelrealestate.co.il,03/10/2026,2640,Monthly Office Contract,Yossi Amar
Merav Gabay (Oak Tree Kindergarten),058-8725429,office@oaktreekindergarten.co.il,03/10/2026,2300,Monthly Office Contract,Shira Malka
Yarden Peretz,058-8752767,yardenp@hotmail.com,03/10/2026,620,Deep Clean,Shira Malka
Lior Ohana,058-7466827,lior.ohana@gmail.com,04/10/2026,260,Standard Home Clean,Yossi Amar
Lior Ohana,058-7466827,lior.ohana@gmail.com,04/10/2026,220,Balcony & Terrace,Yossi Amar
David Cohen,053-9226312,dcohen@gmail.com,04/10/2026,340,Standard Home Clean,Noa Peretz
David Amar,054-6183435,damar@gmail.com,04/10/2026,270,Standard Home Clean,Noa Peretz
Keren Sasson,052-5278918,keren.sasson@outlook.com,04/10/2026,320,Standard Home Clean,Shira Malka
Olivia Raz,054-5540473,oraz@gmail.com,04/10/2026,270,Standard Home Clean,Noa Peretz
Ran Oz,053-8308874,ran.oz@gmail.com,04/10/2026,290,Standard Home Clean,Shira Malka
Inbar Weiss (Nordau Optics),052-8051920,office@nordauoptics.co.il,04/10/2026,2320,Monthly Office Contract,Avi Dahan
Matan Nachum (Sela Logistics),054-7011056,office@selalogistics.co.il,04/10/2026,2640,Monthly Office Contract,Noa Peretz